Jurisdicti,Situs_St_1,MEGA_APN,center_longitude,center_latitude,FieldDesc,Situs_St_2,Roll_Acres,MAP_PAGE,IrrigAcres,InactiveDa,Att1,Shape__Are,ActiveDate,CITY,Roll_AsmtD,Att5,MAPYEAR,Situs_St_3,GIS_Acres,WA_NUM,StandbyAcr,Agency_ID,FieldID,Situs_Stre,Situs_Spac,field_id,Att3,Comment,Att4,Deed_Acres,Roll_TRA,geometry_type,ZIP,OBJECTID,Att2,district,WA_FLAG,Name,ActiveFlag,VolRateAdj,Roll_Land,AreaAC,ParcelID,Roll_Asmt,unq_fld_id,Roll_Struc,FieldAcres,Shape__Len,LOT
,,,-121.74737101551598,39.02266831227654,11-14B (NORTH),,,,60.0,2199/12/31 00:00:00.000,,,2022/02/28 00:00:00.000,,,,,,,,107.32,,D1A_001,,,,,,,,,Polygon,,,,SMWC,,,Y,0.0,,53.4888,21-300-003 North 60 Acres,,1,,60.0,,
,,,-121.79295421354772,39.02183166964034,11-05 A1(W)B1(W),,,,105.0,2199/12/31 00:00:00.000,,,2022/02/28 00:00:00.000,,,,,,,,105.58,,D1A_002,,,,,,,,,Polygon,,,,SMWC,,,Y,0.0,,90.9426,"21-290-027, 21-290-028",,2,,105.0,,
,,,-121.7857505101355,39.0216055054156,11-05 A1(E) B1(E),,,,113.0,2199/12/31 00:00:00.000,,,2022/02/28 00:00:00.000,,,,,,,,121.7,,D1A_003,,,,,,,,,Polygon,,,,SMWC,,,Y,0.0,,94.5735,"21-290-025, 21-290-026",,3,,113.0,,
,,,-121.77674153425616,39.02151038308891,11-09,,,,104.0,2199/12/31 00:00:00.000,,,2022/02/28 00:00:00.000,,,,,,,,124.55,,D1A_004,,,,,,,,,Polygon,,,,SMWC,,,Y,0.0,,98.2135,21-290-029,,4,,104.0,,
,,,-121.7531386999398,39.02131749996352,11-14A,,,,48.0,2199/12/31 00:00:00.000,,,2023/04/01 00:00:00.000,,,,,,,,52.39,,D1A_005,,,,,,,,,Polygon,,,,SMWC,,,Y,0.0,,40.456,21-300-003 North West 48 Acres,,5,,48.0,,
,,,-121.77105181512614,39.021314202800305,11-10,,,,66.0,2199/12/31 00:00:00.000,,,2022/02/28 00:00:00.000,,,,,,,,74.79,,D1A_006,,,,,,,,,Polygon,,,,SMWC,,,Y,0.0,,62.7304,21-290-029,,6,,66.0,,
,,,-121.76391325352131,39.02124543049275,"11-11, 11-12",,,,137.0,2199/12/31 00:00:00.000,,,2022/02/28 00:00:00.000,,,,,,,,154.45,,D1A_007,,,,,,,,,Polygon,,,,SMWC,,,Y,0.0,,133.2838,21-300-005 North 137,,7,,137.0,,
,,,-121.75695529189572,39.02088248001832,11-13,,,,68.0,2199/12/31 00:00:00.000,,,2022/02/28 00:00:00.000,,,,,,,,79.54,,D1A_008,,,,,,,,,Polygon,,,,SMWC,,,Y,0.0,,63.4666,21-300-004,,8,,68.0,,
,,,-121.74920642783454,39.01653059704547,11-14B (WEST),,,,100.0,2199/12/31 00:00:00.000,,,2022/02/28 00:00:00.000,,,,,,,,107.32,,D1A_009,,,,,,,,,Polygon,,,,SMWC,,,Y,0.0,,106.0279,24-080-002,,9,,100.0,,
,,,-121.7451849369283,39.016227138500184,11-14B (CENTER),,,,80.0,2199/12/31 00:00:00.000,,,2022/02/28 00:00:00.000,,,,,,,,107.32,,D1A_010,,,,,,,,,Polygon,,,,SMWC,,,Y,0.0,,82.2324,21-300-003 Center 80 Acres,,10,,80.0,,
,,,-121.7414108363499,39.015115277113246,11-14B (EAST),,,,83.0,2199/12/31 00:00:00.000,,,2022/02/28 00:00:00.000,,,,,,,,107.32,,D1A_011,,,,,,,,,Polygon,,,,SMWC,,,Y,0.0,,79.8336,21-300-003 South East 83 Acres,,11,,83.0,,
,,,-121.77108439968545,39.014701836449966,11-18,,,,69.0,2199/12/31 00:00:00.000,,,2022/02/28 00:00:00.000,,,,,,,,71.78,,D1A_012,,,,,,,,,Polygon,,,,SMWC,,,Y,0.0,,63.5043,21-290-030,,12,,69.0,,
,,,-121.76398769935821,39.014654697327366,"11-16, 11-17",,,,142.0,2199/12/31 00:00:00.000,,,2022/02/28 00:00:00.000,,,,,,,,147.38,,D1A_013,,,,,,,,,Polygon,,,,SMWC,,,Y,0.0,,137.4659,21-300-005 South 142,,13,,142.0,,
,,,-121.75564545679627,39.014375308320226,11-15,,,,113.0,2199/12/31 00:00:00.000,,,2022/02/28 00:00:00.000,,,,,,,,120.71,,D1A_014,,,,,,,,,Polygon,,,,SMWC,,,Y,0.0,,108.0347,21-300-004,,14,,113.0,,
,,,-121.77530770108905,39.012796025563944,"11-19, 11-28",,,,111.0,2199/12/31 00:00:00.000,,,2022/02/28 00:00:00.000,,,,,,,,117.82,,D1A_015,,,,,,,,,Polygon,,,,SMWC,,,Y,0.0,,105.921,"21-290-030, 24-290-011",,15,,111.0,,
,,,-121.74731289076229,39.0082125059071,11-33,,,,58.0,2199/12/31 00:00:00.000,,,2022/02/28 00:00:00.000,,,,,,,,68.98,,D1A_016,,,,,,,,,Polygon,,,,SMWC,,,Y,0.0,,49.6974,24-080-002,,16,,58.0,,
,,,-121.771106262649,39.00769856074596,11-29,,,,76.0,2199/12/31 00:00:00.000,,,2022/02/28 00:00:00.000,,,,,,,,78.1,,D1A_017,,,,,,,,,Polygon,,,,SMWC,,,Y,0.0,,70.563,24-090-011,,17,,76.0,,
,,,-121.76401095682763,39.00766492448683,"11-30, 11-31A",,,,155.0,2199/12/31 00:00:00.000,,,2022/02/28 00:00:00.000,,,,,,,,161.3,,D1A_018,,,,,,,,,Polygon,,,,SMWC,,,Y,0.0,,149.2854,"24-090-012, 24-090-011",,18,,155.0,,
,,,-121.7415132234544,39.007568228983246,167 (N),,,,140.0,2199/12/31 00:00:00.000,,,2022/02/28 00:00:00.000,,,,,,,,156.31,,D1A_019,,,,,,,,,Polygon,,,,SMWC,,,Y,0.0,,125.1696,24-080-008 North  140 Acres,,19,,140.0,,
,,,-121.75427353694603,39.00750528898521,"11-31B, 11-32",,,,170.0,2199/12/31 00:00:00.000,,,2022/02/28 00:00:00.000,,,,,,,,179.53,,D1A_020,,,,,,,,,Polygon,,,,SMWC,,,Y,0.0,,159.7285,24-210-003,,20,,170.0,,
,,,-121.75051031602536,39.00077208033738,"11-34(N), 167 A2",,,,117.0,2199/12/31 00:00:00.000,,,2022/02/28 00:00:00.000,,,,,,,,159.96,,D1A_021,,,,,,,,,Polygon,,,,SMWC,,,Y,0.0,,117.374,"24-080-004, 24-080-008",,21,,117.0,,
,,,-121.74103827480764,39.00053117257298,167 (S),,,,152.0,2199/12/31 00:00:00.000,,,2022/02/28 00:00:00.000,,,,,,,,156.31,,D1A_022,,,,,,,,,Polygon,,,,SMWC,,,Y,0.0,,165.0292,24-080-008 South 152 Acres,,22,,152.0,,
,,,-121.76891994640927,39.000404746349595,"11-36, 11-37",,,,142.0,2199/12/31 00:00:00.000,,,2022/02/28 00:00:00.000,,,,,,,,150.63,,D1A_023,,,,,,,,,Polygon,,,,SMWC,,,Y,0.0,,137.0412,,,23,,142.0,,
,,,-121.75721338879711,39.000189461164204,11-35 (E),,,,85.0,2199/12/31 00:00:00.000,,,2022/02/28 00:00:00.000,,,,,,,,85.47,,D1A_024,,,,,,,,,Polygon,,,,SMWC,,,Y,0.0,,76.6286,,,24,,85.0,,
,,,-121.76204286997996,39.000179286443064,11-35 (W),,,,80.0,2199/12/31 00:00:00.000,,,2022/02/28 00:00:00.000,,,,,,,,85.46,,D1A_025,,,,,,,,,Polygon,,,,SMWC,,,Y,0.0,,76.8366,24-080-003,,25,,80.0,,
,,,-121.74984019475653,38.99526733928916,"11-34(S),  11-46A",,,,128.0,2199/12/31 00:00:00.000,,,2022/02/28 00:00:00.000,,,,,,,,91.74,,D1A_026,,,,,,,,,Polygon,,,,SMWC,,,Y,0.0,,110.8927,,,26,,128.0,,
,,,-121.73434240161093,38.99433261483515,10-02 (N),,,,86.0,2199/12/31 00:00:00.000,,,2022/02/28 00:00:00.000,,,,,,,,145.1,,D1A_027,,,,,,,,,Polygon,,,,SMWC,,,Y,0.0,,64.2775,24-110-008 North 86 Acres,,27,,86.0,,
,,,-121.7596841844362,38.99292188222026,11-45A,,,,163.0,2199/12/31 00:00:00.000,,,2022/02/28 00:00:00.000,,,,,,,,167.3,,D1A_028,,,,,,,,,Polygon,,,,SMWC,,,Y,0.0,,157.0977,24-110-001,,28,,163.0,,
,,,-121.76725014039721,38.99107147219912,"11-44, 11-47 NE",,,,130.0,2199/12/31 00:00:00.000,,,2022/02/28 00:00:00.000,,,,,,,,144.85,,D1A_029,,,,,,,,,Polygon,,,,SMWC,,,Y,0.0,,141.9639,24-100-007,,29,,130.0,,
,,,-121.74063764448482,38.989160446311395,"10-01A, 10-01B",,,,281.0,2199/12/31 00:00:00.000,,,2023/04/01 00:00:00.000,,,,,,,,288.94,,D1A_030,,,,,,,,,Polygon,,,,SMWC,,,Y,0.0,,272.901,24-110-009,,30,,281.0,,
,,,-121.75003928068179,38.98759717435252,11-46B,,,,248.0,2199/12/31 00:00:00.000,,,2022/02/28 00:00:00.000,,,,,,,,251.11,,D1A_031,,,,,,,,,Polygon,,,,SMWC,,,Y,0.0,,229.6079,"24-110-010, 24-110-003",,31,,248.0,,
,,,-121.73226973150763,38.98682361096292,10-02 (S),,,,178.0,2199/12/31 00:00:00.000,,,2022/02/28 00:00:00.000,,,,,,,,145.1,,D1A_032,,,,,,,,,Polygon,,,,SMWC,,,Y,0.0,,163.6303,24-110-008 South 178 Acres,,32,,178.0,,
,,,-121.75973234089827,38.98573929159428,11-45B,,,,158.0,2199/12/31 00:00:00.000,,,2022/02/28 00:00:00.000,,,,,,,,162.6,,D1A_033,,,,,,,,,Polygon,,,,SMWC,,,Y,0.0,,157.0111,24-110-001 South 158 Acres,,33,,158.0,,
,,,-121.72750915003186,38.9838044323945,10-03 (W),,,,30.0,2199/12/31 00:00:00.000,,,2022/02/28 00:00:00.000,,,,,,,,41.41,,D1A_034,,,,,,,,,Polygon,,,,SMWC,,,Y,0.0,,33.1973,24-120-004 West 30 Acres,,34,,30.0,,
,,,-121.72370056728593,38.98288418735053,10-03 (E),,,,34.0,2199/12/31 00:00:00.000,,,2022/02/28 00:00:00.000,,,,,,,,41.41,,D1A_035,,,,,,,,,Polygon,,,,SMWC,,,Y,0.0,,23.6356,,,35,,34.0,,
,,,-121.73451118335683,38.9783813597259,10-05 (NW),,,,73.0,2199/12/31 00:00:00.000,,,2022/02/28 00:00:00.000,,,,,,,,81.43,,D1A_036,,,,,,,,,Polygon,,,,SMWC,,,Y,0.0,,61.7119,24-140-006 North West 73 Acres,,36,,73.0,,
,,,-121.74115094902808,38.97834476399209,10-06A,,,,159.0,2199/12/31 00:00:00.000,,,2022/02/28 00:00:00.000,,,,,,,,161.68,,D1A_037,,,,,,,,,Polygon,,,,SMWC,,,Y,0.0,,150.8786,24-140-005,,37,,159.0,,
,,,-121.75264664863644,38.978323004055824,11-57A1 NW,,,,72.0,2199/12/31 00:00:00.000,,,2022/02/28 00:00:00.000,,,,,,,,79.6,,D1A_038,,,,,,,,,Polygon,,,,SMWC,,,Y,0.0,,72.1669,24-140-002,,38,,72.0,,
,,,-121.7480958109862,38.97831395120942,11-57A2 NE,,,,78.0,2199/12/31 00:00:00.000,,,2022/02/28 00:00:00.000,,,,,,,,79.87,,D1A_039,,,,,,,,,Polygon,,,,SMWC,,,Y,0.0,,72.3106,24-140-003,,39,,78.0,,
,,,-121.72336617886668,38.97789465412674,"141, 10-04B (N)",,,,130.0,2199/12/31 00:00:00.000,,,2022/02/28 00:00:00.000,,,,,,,,136.64,,D1A_040,,,,,,,,,Polygon,,,,SMWC,,,Y,0.0,,130.9008,24-130-012,,40,,130.0,,
,,,-121.75947268044769,38.9754847569884,"11-56, 11-58  S",,,,283.0,2199/12/31 00:00:00.000,,,2022/02/28 00:00:00.000,,,,,,,,305.75,,D1A_041,,,,,,,,,Polygon,,,,SMWC,,,Y,0.0,,295.8627,24-140-001,,41,,283.0,,
,,,-121.73152004752633,38.974955842825494,10-05 (CENTER),,,,92.0,2199/12/31 00:00:00.000,,,2022/02/28 00:00:00.000,,,,,,,,81.44,,D1A_042,,,,,,,,,Polygon,,,,SMWC,,,Y,0.0,,95.6109,24-140-006 Center 92 Acres,,42,,92.0,,
,,,-121.72898105167047,38.97254392632649,10-05 (SE),,,,95.0,2199/12/31 00:00:00.000,,,2022/02/28 00:00:00.000,,,,,,,,81.43,,D1A_043,,,,,,,,,Polygon,,,,SMWC,,,Y,0.0,,86.9246,24-140-006 South East 95 Acres,,43,,95.0,,
,,,-121.72332259876997,38.97246298426029,"141, 10-04B (N)",,,,65.0,2199/12/31 00:00:00.000,,,2022/02/28 00:00:00.000,,,,,,,,68.32,,D1A_044,,,,,"Partial of 141, 10-04B (N)",,,,Polygon,,,,SMWC,,,Y,0.0,,57.5437,24-130-012,,44,,65.0,,
,,,-121.73517586509459,38.9719873666521,10-05 (SW),,,,30.0,2199/12/31 00:00:00.000,,,2022/02/28 00:00:00.000,,,,,,,,81.45,,D1A_045,,,,,,,,,Polygon,,,,SMWC,,,Y,0.0,,31.6974,24-140-006 South West 30 Acres,,45,,30.0,,
,,,-121.75032406556956,38.97112013520698,,,,,150.0,2199/12/31 00:00:00.000,,,2022/02/28 00:00:00.000,,,,,,,,160.86,,D1A_046,,,,,Need to update RRA acreage and field-turnout linkages,,,,Polygon,,,,SMWC,,,Y,0.0,,149.3751,,,46,,150.0,,
,,,-121.74111635965335,38.971092789546624,10-06B,,,,160.0,2199/12/31 00:00:00.000,,,2022/02/28 00:00:00.000,,,,,,,,162.32,,D1A_047,,,,,,,,,Polygon,,,,SMWC,,,Y,0.0,,151.4935,24-140-007,,47,,160.0,,
,,,-121.72294278905594,38.9691249182637,"141, 10-04B (N)",,,,66.0,2199/12/31 00:00:00.000,,,2022/02/28 00:00:00.000,,,,,,,,68.32,,D1A_048,,,,,"Partial of 141, 10-04B (N)",,,,Polygon,,,,SMWC,,,Y,0.0,,64.6968,24-130-012,,48,,66.0,,
,,,-121.74021060496416,38.9642362076272,10-07 (N),,,,161.0,2199/12/31 00:00:00.000,,,2022/02/28 00:00:00.000,,,,,,,,174.9,,D1A_049,,,,,,,,,Polygon,,,,SMWC,,,Y,0.0,,155.6771,,,49,,161.0,,
,,,-121.75264796840693,38.96401356178417,"8-04, 8-05A N",,,,217.0,2199/12/31 00:00:00.000,,,2022/02/28 00:00:00.000,,,,,,,,228.12,,D1A_050,,,,,,,,,Polygon,,,,SMWC,,,Y,0.0,,208.2348,"24-170-013,24-170-010",,50,,217.0,,
,,,-121.72234278709418,38.963381436142676,10-09 (N),,,,163.0,2199/12/31 00:00:00.000,,,2022/02/28 00:00:00.000,,,,,,,,177.69,,D1A_051,,,,,,,,,Polygon,,,,SMWC,,,Y,0.0,,163.1543,24-180-001,,51,,163.0,,
,,,-121.7315517120785,38.95960377612481,10-08,,,,272.0,2199/12/31 00:00:00.000,,,2022/02/28 00:00:00.000,,,,,,,,289.26,,D1A_052,,,,,,,,,Polygon,,,,SMWC,,,Y,0.0,,277.0899,24-170-009,,52,,272.0,,
,,,-121.74121208847427,38.9569263736256,10-07 (S),,,,178.0,2199/12/31 00:00:00.000,,,2023/04/01 00:00:00.000,,,,,,,,174.9,,D1A_053,,,,,,,,,Polygon,,,,SMWC,,,Y,0.0,,166.5941,24-170-006,,53,,178.0,,
,,,-121.75053774080352,38.956788361602094,8-05B,,,,142.0,2199/12/31 00:00:00.000,,,2022/02/28 00:00:00.000,,,,,,,,148.25,,D1A_054,,,,,,,,,Polygon,,,,SMWC,,,Y,0.0,,139.2609,24-170-006,,54,,142.0,,
,,,-121.74833427415159,38.949792732475345,8-06,,,,76.0,2199/12/31 00:00:00.000,,,2022/02/28 00:00:00.000,,,,,,,,84.6,,D1A_055,,,,,,,,,Polygon,,,,SMWC,,,Y,0.0,,73.4804,,,55,,76.0,,
,,,-121.74118197666279,38.949256121869404,8-07,,,,150.0,2199/12/31 00:00:00.000,,,2022/02/28 00:00:00.000,,,,,,,,157.88,,D1A_056,,,,,,,,,Polygon,,,,SMWC,,,Y,0.0,,144.0973,24-200-002,,56,,150.0,,
,,,-121.7936995706186,39.050857750328085,1660-F 5,,,,187.0,2199/12/31 00:00:00.000,,,2022/02/28 00:00:00.000,,,,,,,,156.21,,D1B_001,,,,,,,,,Polygon,,,,SMWC,,,Y,0.0,,187.8546,,,57,,187.0,,
,,,-121.78519685672943,39.04795985337877,1660-F 6P,,,,204.0,2199/12/31 00:00:00.000,,,2022/02/28 00:00:00.000,,,,,,,,266.9,,D1B_002,,,,,,,,,Polygon,,,,SMWC,,,Y,0.0,,213.4701,21-210-005,,58,,204.0,,
,,,-121.77740619464561,39.047711556076855,1660-F 7,,,,279.0,2199/12/31 00:00:00.000,,,2023/04/01 00:00:00.000,,,,,,,,306.67,,D1B_003,,,,,,,,,Polygon,,,,SMWC,,,Y,0.0,,285.3549,,,59,,279.0,,
,,,-121.76874715311223,39.04753918218618,1660-F 8,,,,280.0,2199/12/31 00:00:00.000,,,2023/04/01 00:00:00.000,,,,,,,,306.67,,D1B_004,,,,,,,,,Polygon,,,,SMWC,,,Y,0.0,,275.4186,,,60,,280.0,,
,,,-121.79638937353207,39.046188457225654,1660-F4,,,,78.0,2199/12/31 00:00:00.000,,,2022/02/28 00:00:00.000,,,,,,,,84.45,,D1B_005,,,,,,,,,Polygon,,,,SMWC,,,Y,0.0,,73.9213,21-220-001,,61,,78.0,,
,,,-121.76000109715314,39.04589908285058,1660-F 9 E,,,,207.0,2199/12/31 00:00:00.000,,,2022/02/28 00:00:00.000,,,,,,,,245.19,,D1B_006,,,,,,,,,Polygon,,,,SMWC,,,Y,0.0,,208.6872,21-190-002,,62,,207.0,,
,,,-121.79169065805793,39.040276439557495,1660-F3 (E),,,,208.0,2199/12/31 00:00:00.000,,,2022/02/28 00:00:00.000,,,,,,,,205.21,,D1B_007,,,,,,,,,Polygon,,,,SMWC,,,Y,0.0,,198.2255,"21-270-010, 21-270-013, 21-270-014",,63,,208.0,,
,,,-121.78320479663591,39.039066449039304,,,,,10.0,2199/12/31 00:00:00.000,,,2022/02/28 00:00:00.000,,,,,,,,49.96,,D1B_008,,,,,,,,,Polygon,,,,SMWC,,,Y,0.0,,14.6558,,,64,,10.0,,
,,,-121.77303210686247,39.03815168857068,1660-F11,,,,184.0,2199/12/31 00:00:00.000,,,2022/02/28 00:00:00.000,,,,,,,,200.34,,D1B_009,,,,,,,,,Polygon,,,,SMWC,,,Y,0.0,,184.894,21-260-001,,65,,184.0,,
,,,-121.75992517337579,39.03814688924027,1660-F12,,,,92.0,2199/12/31 00:00:00.000,,,2022/02/28 00:00:00.000,,,,,,,,107.07,,D1B_010,,,,,,,,,Polygon,,,,SMWC,,,Y,0.0,,93.1926,21-250-001,,66,,92.0,,
,,,-121.79706580218593,39.03771487461255,1660-F3 (W),,,,65.0,2199/12/31 00:00:00.000,,,2022/02/28 00:00:00.000,,,,,,,,65.0,,D1B_011,,,,,,,,,Polygon,,,,SMWC,,,Y,0.0,,58.3267,,,67,,65.0,,
,,,-121.79808695393268,39.034734010909254,,,,,16.0,2199/12/31 00:00:00.000,,,2021/03/02 00:00:00.000,,,,,,,,16.95,,D1B_012,,,,,,,,,Polygon,,,,SMWC,,,Y,0.0,,16.0123,,,68,,16.0,,
,,,-121.772834573733,39.03387985101587,1660-F13,,,,137.0,2199/12/31 00:00:00.000,,,2022/02/28 00:00:00.000,,,,,,,,154.05,,D1B_013,,,,,,,,,Polygon,,,,SMWC,,,Y,0.0,,141.5509,,,69,,137.0,,
,,,-121.7598411679917,39.03382012974826,1660-F14,,,,74.0,2199/12/31 00:00:00.000,,,2022/02/28 00:00:00.000,,,,,,,,85.99,,D1B_014,,,,,,,,,Polygon,,,,SMWC,,,Y,0.0,,74.5411,21-250-002,,70,,74.0,,
,,,-121.79137834434137,39.033330497019634,1660-F 2 P W A,,,,70.0,2199/12/31 00:00:00.000,,,2022/02/28 00:00:00.000,,,,,,,,133.76,,D1B_015,,,,,,,,,Polygon,,,,SMWC,,,Y,0.0,,81.3489,21-280-007 East 70 Acres,,71,,70.0,,
,,,-121.78452001615608,39.033297252280214,1660-F 2 P E(N),,,,59.0,2199/12/31 00:00:00.000,,,2022/02/28 00:00:00.000,,,,,,,,85.67,,D1B_016,,,,,,,,,Polygon,,,,SMWC,,,Y,0.0,,56.7403,21-280-007,,72,,59.0,,
,,,-121.75421770567691,39.03048556360811,1660-F16,,,,173.0,2199/12/31 00:00:00.000,,,2022/02/28 00:00:00.000,,,,,,,,190.83,,D1B_017,,,,,,,,,Polygon,,,,SMWC,,,Y,0.0,,167.1987,"21-250-008, 21-250-005",,73,,173.0,,
,,,-121.77294283198019,39.030254397368104,1660-F15,,,,130.0,2199/12/31 00:00:00.000,,,2022/02/28 00:00:00.000,,,,,,,,145.69,,D1B_018,,,,,,,,,Polygon,,,,SMWC,,,Y,0.0,,129.5363,21-260-002,,74,,130.0,,
,,,-121.79147984266443,39.03002006015698,,,,,49.1,2199/12/31 00:00:00.000,,,2021/03/01 00:00:00.000,,,,,,,,49.1,,D1B_019,,,,,,,,,Polygon,,,,SMWC,,,Y,0.0,,49.129,,,75,,49.1,,
,,,-121.78602797628326,39.02961494963687,,,,,13.2,2199/12/31 00:00:00.000,,,2021/03/01 00:00:00.000,,,,,,,,13.2,,D1B_020,,,,,,,,,Polygon,,,,SMWC,,,Y,0.0,,13.2225,,,76,,13.2,,
,,,-121.78091927031154,39.01438852456368,11-20,,,,53.0,2199/12/31 00:00:00.000,,,2022/02/28 00:00:00.000,,,,,,,,56.2,,D2__001,,,,,,,,,Polygon,,,,SMWC,,,Y,0.0,,50.5124,,,77,,53.0,,
,,,-121.78553029386144,39.009948271901884,"11-24, 11-25A, 11-39  B",,,,31.0,2199/12/31 00:00:00.000,,,2022/02/28 00:00:00.000,,,,,,,,36.81,,D2__002,,,,,,,,,Polygon,,,,SMWC,,,Y,0.0,,24.2533,24-090-003,,78,,31.0,,
,,,-121.78092005060141,39.00605637203658,"11-24, 11-25A, 11-39 A",,,,190.0,2199/12/31 00:00:00.000,,,2022/02/28 00:00:00.000,,,,,,,,189.27,,D2__003,,,,,,,,,Polygon,,,,SMWC,,,Y,0.0,,180.4258,,,79,,190.0,,
,,,-121.79072918550872,39.00468173286197,11-23,,,,173.0,2199/12/31 00:00:00.000,,,2022/02/28 00:00:00.000,,,,,,,,181.05,,D2__004,,,,,,,,,Polygon,,,,SMWC,,,Y,0.0,,150.9888,,,80,,173.0,,
,,,-121.77559109536861,38.99790999832081,"11-38A, 11-41A",,,,122.0,2199/12/31 00:00:00.000,,,2022/02/28 00:00:00.000,,,,,,,,126.89,,D2__005,,,,,,,,,Polygon,,,,SMWC,,,Y,0.0,,114.6163,24-090-009,,81,,122.0,,
,,,-121.78052873666658,38.99697639436248,11-40,,,,76.0,2199/12/31 00:00:00.000,,,2022/02/28 00:00:00.000,,,,,,,,83.48,,D2__006,,,,,,,,,Polygon,,,,SMWC,,,Y,0.0,,73.9022,24-090-010,,82,,76.0,,
,,,-121.78056480763902,38.99150033662028,11-49,,,,36.0,2199/12/31 00:00:00.000,,,2022/02/28 00:00:00.000,,,,,,,,39.93,,D2__007,,,,,,,,,Polygon,,,,SMWC,,,Y,0.0,,34.2515,24-100-003 North West 36 Acres,,83,,36.0,,
,,,-121.78554610738931,38.98901325625805,158-B (FIELD 2),,,,66.0,2199/12/31 00:00:00.000,,,2022/02/28 00:00:00.000,,,,,,,,46.0,,D2__008,,,,,,,,,Polygon,,,,SMWC,,,Y,0.0,,68.7288,,,84,,66.0,,
,,,-121.78059340099642,38.98794822489424,158-B (FIELD 1),,,,37.0,2199/12/31 00:00:00.000,,,2022/02/28 00:00:00.000,,,,,,,,46.02,,D2__009,,,,,,,,,Polygon,,,,SMWC,,,Y,0.0,,37.6379,24-100-009 HF-7,,85,,37.0,,
,,,-121.77603024924875,38.98779073172031,11-48A (N)WEST,,,,110.0,2199/12/31 00:00:00.000,,,2022/02/28 00:00:00.000,,,,,,,,119.09,,D2__010,,,,,,,,,Polygon,,,,SMWC,,,Y,0.0,,106.8743,24-100-003 East110 Acres,,86,,110.0,,
,,,-121.77136787540064,38.986887270140414,11-48 B-1 EAST N   A,,,,112.0,2199/12/31 00:00:00.000,,,2022/02/28 00:00:00.000,,,,,,,,119.09,,D2__011,,,,,,,,,Polygon,,,,SMWC,,,Y,0.0,,104.4712,24-100-005,,87,,112.0,,
,,,-121.79064376548986,38.98678150128714,158-B (FIELD 4),,,,10.0,2199/12/31 00:00:00.000,,,2022/02/28 00:00:00.000,,,,,,,,46.05,,D2__012,,,,,,,,,Polygon,,,,SMWC,,,Y,0.0,,12.049,24-100-009 HF-5,,88,,10.0,,
,,,-121.78580082068497,38.98436701708948,158-B (FIELD 3),,,,45.0,2199/12/31 00:00:00.000,,,2022/02/28 00:00:00.000,,,,,,,,46.04,,D2__013,,,,,,,,,Polygon,,,,SMWC,,,Y,0.0,,42.9446,24-100-009 HF-6,,89,,45.0,,
,,,-121.78058442301041,38.98432028488856,11-50,,,,33.0,2199/12/31 00:00:00.000,,,2022/02/28 00:00:00.000,,,,,,,,43.22,,D2__014,,,,,,,,,Polygon,,,,SMWC,,,Y,0.0,,33.5665,24-100-003 South West 33 Acres,,90,,33.0,,
,,,-121.77600322818789,38.97847623996477,"11-51, 11-61A",,,,94.0,2199/12/31 00:00:00.000,,,2022/02/28 00:00:00.000,,,,,,,,102.52,,D2__015,,,,,,,,,Polygon,,,,SMWC,,,Y,0.0,,69.6394,24-150-005,,91,,94.0,,
,,,-121.76978209612537,38.97823598657405,"11-52A, 11-53A1",,,,120.0,2199/12/31 00:00:00.000,,,2022/02/28 00:00:00.000,,,,,,,,131.3,,D2__016,,,,,,,,,Polygon,,,,SMWC,,,Y,0.0,,116.9204,24-150-006,,92,,120.0,,
,,,-121.79910799124838,38.97749266812315,157-B,,,,36.0,2199/12/31 00:00:00.000,,,2022/02/28 00:00:00.000,,,,,,,,36.41,,D2__017,,,,,,,,,Polygon,,,,SMWC,,,Y,0.0,,40.3053,24-150-012 North 36 Acres,,93,,36.0,,
,,,-121.78307394231666,38.976979333931254,"147-A, 147-B N",,,,240.0,2199/12/31 00:00:00.000,,,2022/02/28 00:00:00.000,,,,,,,,203.22,,D2__018,,,,,,,,,Polygon,,,,SMWC,,,Y,0.0,,225.6734,24-150-004 North 240 Acres,,94,,240.0,,
,,,-121.79716968554895,38.97335723003826,157A,,,,74.0,2199/12/31 00:00:00.000,,,2022/02/28 00:00:00.000,,,,,,,,76.21,,D2__019,,,,,,,,,Polygon,,,,SMWC,,,Y,0.0,,61.4401,24-150-012,,95,,74.0,,
,,,-121.80350856462871,38.972562517605546,207(N),,,,45.0,2199/12/31 00:00:00.000,,,2022/02/28 00:00:00.000,,,,,,,,40.36,,D2__020,,,,,,,,,Polygon,,,,SMWC,,,Y,0.0,,45.3222,24-030-007,,96,,45.0,,
,,,-121.77048705486544,38.96964763043647,"11-60, 11-59B",,,,157.0,2199/12/31 00:00:00.000,,,2022/02/28 00:00:00.000,,,,,,,,163.65,,D2__021,,,,,,,,,Polygon,,,,SMWC,,,Y,0.0,,154.1467,24-150-007 West 157 Acres,,97,,157.0,,
,,,-121.77591236288737,38.96959012895094,"11-51, 11-61B",,,,100.0,2199/12/31 00:00:00.000,,,2022/02/28 00:00:00.000,,,,,,,,102.54,,D2__022,,,,,,,,,Polygon,,,,SMWC,,,Y,0.0,,101.93,24-150-005,,98,,100.0,,
,,,-121.76473929939223,38.968607284008755,11-59A,,,,122.0,2199/12/31 00:00:00.000,,,2022/02/28 00:00:00.000,,,,,,,,122.63,,D2__023,,,,,,,,,Polygon,,,,SMWC,,,Y,0.0,,110.1764,24-150-007 East 122 Acres,,99,,122.0,,
,,,-121.79690207127615,38.96819364265255,"148-C1, 148-C3, 205",,,,144.0,2199/12/31 00:00:00.000,,,2022/02/28 00:00:00.000,,,,,,,,146.79,,D2__024,,,,,,,,,Polygon,,,,SMWC,,,Y,0.0,,136.1349,24-150-003,,100,,144.0,,
,,,-121.78777805782318,38.96808190311134,"147-B, 148-C4",,,,153.0,2199/12/31 00:00:00.000,,,2022/02/28 00:00:00.000,,,,,,,,114.52,,D2__025,,,,,,,,,Polygon,,,,SMWC,,,Y,0.0,,144.0163,24-150-004 South 153 Acres,,101,,153.0,,
,,,-121.78068253901269,38.96793531708798,147-A S,,,,80.0,2199/12/31 00:00:00.000,,,2022/02/28 00:00:00.000,,,,,,,,162.86,,D2__026,,,,,,,,,Polygon,,,,SMWC,,,Y,0.0,,76.6474,24-150-004 Center 80 Acres,,102,,80.0,,
,,,-121.8047273671052,38.96708972137559,"148-C2, 207(S)",,,,93.0,2199/12/31 00:00:00.000,,,2022/02/28 00:00:00.000,,,,,,,,102.18,,D2__027,,,,,,,,,Polygon,,,,SMWC,,,Y,0.0,,76.5877,,,103,,93.0,,
,,,-121.76120960359971,38.96102375045805,8-01A1,,,,72.0,2199/12/31 00:00:00.000,,,2022/02/28 00:00:00.000,,,,,,,,80.0,,D2__028,,,,,,,,,Polygon,,,,SMWC,,,Y,0.0,,67.014,,,104,,72.0,,
,,,-121.76891866138023,38.96052932375279,"131-F, 131-H  (A)",,,,140.0,2199/12/31 00:00:00.000,,,2022/02/28 00:00:00.000,,,,,,,,120.35,,D2__029,,,,,,,,,Polygon,,,,SMWC,,,Y,0.0,,139.4947,24-160-003 North Center 70 Acres,,105,,140.0,,
,,,-121.75989966896171,38.95564468655551,8-01B1A N,,,,114.0,2199/12/31 00:00:00.000,,,2022/02/28 00:00:00.000,,,,,,,,119.79,,D2__030,,,,,,,,,Polygon,,,,SMWC,,,Y,0.0,,101.8043,24-170-012,,106,,114.0,,
,,,-121.76901671407937,38.95517749598042,"131-F, 131-H  (B)",,,,90.0,2199/12/31 00:00:00.000,,,2022/02/28 00:00:00.000,,,,,,,,120.34,,D2__031,,,,,,,,,Polygon,,,,SMWC,,,Y,0.0,,83.4319,24-160-003 North East 66 Acres,,107,,90.0,,
,,,-121.77815391612475,38.94935995671116,131-C  ( E ),,,,145.0,2199/12/31 00:00:00.000,,,2022/02/28 00:00:00.000,,,,,,,,159.05,,D2__032,,,,,,,,,Polygon,,,,SMWC,,,Y,0.0,,139.5169,,,108,,145.0,,
,,,-121.76890287800016,38.94930582012597,"131-D1, 131-D2  A",,,,145.0,2199/12/31 00:00:00.000,,,2022/02/28 00:00:00.000,,,,,,,,158.39,,D2__033,,,,,,,,,Polygon,,,,SMWC,,,Y,0.0,,139.7567,"24-210-013, 24-210-014",,109,,145.0,,
,,,-121.7595352926584,38.949188081108126,8-12A  E,,,,148.0,2199/12/31 00:00:00.000,,,2022/02/28 00:00:00.000,,,,,,,,159.26,,D2__034,,,,,,,,,Polygon,,,,SMWC,,,Y,0.0,,141.3004,24-200-001,,110,,148.0,,
,,,-121.75182750911247,38.94374117979305,8-11-1A,,,,178.0,2199/12/31 00:00:00.000,,,2022/02/28 00:00:00.000,,,,,,,,193.32,,D2__035,,,,,,,,,Polygon,,,,SMWC,,,Y,0.0,,170.3036,24-200-004,,111,,178.0,,
,,,-121.7782698479407,38.94232777396923,"131-A1, 131-A2 E",,,,152.0,2199/12/31 00:00:00.000,,,2022/02/28 00:00:00.000,,,,,,,,161.17,,D2__036,,,,,,,,,Polygon,,,,SMWC,,,Y,0.0,,151.481,"34-210-004, 24-210-009",,112,,152.0,,
,,,-121.76899778549252,38.942258654699486,"131-B1, 131-B2  N",,,,152.0,2199/12/31 00:00:00.000,,,2022/02/28 00:00:00.000,,,,,,,,160.5,,D2__037,,,,,,,,,Polygon,,,,SMWC,,,Y,0.0,,146.0414,"34-210-011, 24-210-012",,113,,152.0,,
,,,-121.75965821148407,38.94210448216799,8-12B,,,,156.0,2199/12/31 00:00:00.000,,,2022/02/28 00:00:00.000,,,,,,,,160.02,,D2__038,,,,,,,,,Polygon,,,,SMWC,,,Y,0.0,,150.0837,24-200-003,,114,,156.0,,
,,,-121.77133318448261,38.935789772521694,116-A1,,,,58.0,2199/12/31 00:00:00.000,,,2022/02/28 00:00:00.000,,,,,,,,60.0,,D2__039,,,,,,,,,Polygon,,,,SMWC,,,Y,0.0,,56.696,24-220-009,,115,,58.0,,
,,,-121.76000288620473,38.93511401953958,8-14 W,,,,143.0,2199/12/31 00:00:00.000,,,2022/02/28 00:00:00.000,,,,,,,,147.43,,D2__040,,,,,,,,,Polygon,,,,SMWC,,,Y,0.0,,136.0633,"24-230-001, 24-230-005",,116,,143.0,,
,,,-121.75039849678575,38.934619516828896,8-16 (N) Shreiner bros,,,,150.0,2199/12/31 00:00:00.000,,,2022/02/28 00:00:00.000,,,,,,,,156.3,,D2__041,,,,,,,,,Polygon,,,,SMWC,,,Y,0.0,,148.4721,24-230-003 North 150 Acres,,117,,150.0,,
,,,-121.75871545167782,38.930553328850294,8-15,,,,82.0,2199/12/31 00:00:00.000,,,2022/02/28 00:00:00.000,,,,,,,,87.53,,D2__042,,,,,Partial of 8-15,,,,Polygon,,,,SMWC,,,Y,0.0,,56.5607,24-230-002,,118,,82.0,,
,,,-121.77138376979444,38.93039653950734,116-A2,,,,58.0,2199/12/31 00:00:00.000,,,2022/02/28 00:00:00.000,,,,,,,,60.0,,D2__043,,,,,,,,,Polygon,,,,SMWC,,,Y,0.0,,51.8114,24-220-008,,119,,58.0,,
,,,-121.76692167921287,38.92969045482485,8-13 (N),,,,40.0,2199/12/31 00:00:00.000,,,2022/02/28 00:00:00.000,,,,,,,,41.74,,D2__044,,,,,,,,,Polygon,,,,SMWC,,,Y,0.0,,31.7134,24-200-006 North,,120,,40.0,,
,,,-121.74306494349901,38.9288857305086,8-17-1,,,,147.0,2199/12/31 00:00:00.000,,,2022/02/28 00:00:00.000,,,,,,,,154.9,,D2__045,,,,,,,,,Polygon,,,,SMWC,,,Y,0.0,,142.6496,24-230-014,,121,,147.0,,
,,,-121.75054798673875,38.927532411078346,8-16 (S) Neal Dougherty,,,,150.0,2199/12/31 00:00:00.000,,,2023/04/01 00:00:00.000,,,,,,,,163.86,,D2__046,,,,,,,,,Polygon,,,,SMWC,,,Y,0.0,,143.733,24-230-003 South 150 Acres,,122,,150.0,,
,,,-121.75975178922297,38.92653596119478,,,,,83.0,2199/12/31 00:00:00.000,,,2022/02/28 00:00:00.000,,,,,,,,87.53,,D2__047,,,,,,,,,Polygon,,,,SMWC,,,Y,0.0,,103.5463,,,123,,83.0,,
,,,-121.77064847696374,38.926089307526645,8-13 (W),,,,55.0,2199/12/31 00:00:00.000,,,2022/02/28 00:00:00.000,,,,,,,,41.75,,D2__048,,,,,,,,,Polygon,,,,SMWC,,,Y,0.0,,44.6934,24-200-006 West,,124,,55.0,,
,,,-121.76586928230769,38.92577885736137,8-13 E,,,,30.0,2199/12/31 00:00:00.000,,,2022/02/28 00:00:00.000,,,,,,,,41.75,,D2__049,,,,,,,,,Polygon,,,,SMWC,,,Y,0.0,,23.0094,24-200-006 East,,125,,30.0,,
,,,-121.7740884116231,38.92191035892801,8-33 (E),,,,83.0,2199/12/31 00:00:00.000,,,2022/02/28 00:00:00.000,,,,,,,,88.34,,D2__050,,,,,,,,,Polygon,,,,SMWC,,,Y,0.0,,77.0948,29-040-004 East 83 Acres,,126,,83.0,,
,,,-121.78068193074714,38.920411045580266,8-33 (W),,,,83.0,2199/12/31 00:00:00.000,,,2022/02/28 00:00:00.000,,,,,,,,88.34,,D2__051,,,,,,,,,Polygon,,,,SMWC,,,Y,0.0,,76.26,29-040-004 West 83 Acres,,127,,83.0,,
,,,-121.75972369065066,38.92020409597535,8-30A,,,,151.0,2199/12/31 00:00:00.000,,,2022/02/28 00:00:00.000,,,,,,,,158.49,,D2__052,,,,,,,,,Polygon,,,,SMWC,,,Y,0.0,,141.9367,29-040-007,,128,,151.0,,
,,,-121.75048374060192,38.92014063920068,8-28,,,,147.0,2199/12/31 00:00:00.000,,,2022/02/28 00:00:00.000,,,,,,,,158.38,,D2__053,,,,,,,,,Polygon,,,,SMWC,,,Y,0.0,,143.9628,29-040-008,,129,,147.0,,
,,,-121.77012017434409,38.91976197736474,8-31 (N-W),,,,67.0,2199/12/31 00:00:00.000,,,2022/02/28 00:00:00.000,,,,,,,,93.8,,D2__054,,,,,,,,,Polygon,,,,SMWC,,,Y,0.0,,48.4809,29-040-006 North West 67 Acres,,130,,67.0,,
,,,-121.76649937694715,38.91961082225682,8-31 (N-E),,,,56.0,2199/12/31 00:00:00.000,,,2022/02/28 00:00:00.000,,,,,,,,93.8,,D2__055,,,,,,,,,Polygon,,,,SMWC,,,Y,0.0,,55.8727,29-040-006 North East 56 Acres,,131,,56.0,,
,,,-121.74340415556227,38.918336420365215,8-27A,,,,117.0,2199/12/31 00:00:00.000,,,2022/02/28 00:00:00.000,,,,,,,,125.93,,D2__056,,,,,,,,,Polygon,,,,SMWC,,,Y,0.0,,109.8173,29-050-046,,132,,117.0,,
,,,-121.73761486734578,38.91745201518776,"8-27B, 8-27C",,,,167.0,2199/12/31 00:00:00.000,,,2022/02/28 00:00:00.000,,,,,,,,175.93,,D2__057,,,,,,,,,Polygon,,,,SMWC,,,Y,0.0,,155.7655,29-050-046,,133,,167.0,,
,,,-121.77798295008691,38.913867477124946,"8-32A, 8-32B",,,,178.0,2199/12/31 00:00:00.000,,,2022/02/28 00:00:00.000,,,,,,,,181.92,,D2__058,,,,,,,,,Polygon,,,,SMWC,,,Y,0.0,,164.5427,29-040-005,,134,,178.0,,
,,,-121.76922954554463,38.91318042587273,8-31 (S),,,,150.0,2199/12/31 00:00:00.000,,,2022/02/28 00:00:00.000,,,,,,,,93.81,,D2__059,,,,,,,,,Polygon,,,,SMWC,,,Y,0.0,,148.8361,29-040-006 South 150 Acres,,135,,150.0,,
,,,-121.75982251838187,38.91314966986519,8-30B1,,,,147.0,2199/12/31 00:00:00.000,,,2022/02/28 00:00:00.000,,,,,,,,158.42,,D2__060,,,,,,,,,Polygon,,,,SMWC,,,Y,0.0,,144.3907,29-040-009,,136,,147.0,,
,,,-121.75063045723117,38.91302806547086,8-29,,,,147.0,2199/12/31 00:00:00.000,,,2022/02/28 00:00:00.000,,,,,,,,160.15,,D2__061,,,,,,,,,Polygon,,,,SMWC,,,Y,0.0,,145.0919,29-040-010,,137,,147.0,,
,,,-121.7417133043706,38.9111812686265,8-27D1,,,,64.0,2199/12/31 00:00:00.000,,,2022/02/28 00:00:00.000,,,,,,,,69.13,,D2__062,,,,,,,,,Polygon,,,,SMWC,,,Y,0.0,,61.0385,29-050-003,,138,,64.0,,
,,,-121.7341598037305,38.91108003815717,8-27D2,,,,62.0,2199/12/31 00:00:00.000,,,2022/02/28 00:00:00.000,,,,,,,,69.0,,D2__063,,,,,,,,,Polygon,,,,SMWC,,,Y,0.0,,57.2513,29-050-044,,139,,62.0,,
,,,-121.77833189402641,38.90610198923894,"5-01,  5-16, 5-02, 5-15",,,,151.0,2199/12/31 00:00:00.000,,,2023/04/02 00:00:00.000,,,,,,,,160.54,,D2__064,,,,,,,,,Polygon,,,,SMWC,,,Y,0.0,,136.2121,29-040-040,,140,,151.0,,
,,,-121.7692148725975,38.90603296816898,"5-03, 5-04, 5-13, 5-14",,,,153.0,2199/12/31 00:00:00.000,,,2022/02/28 00:00:00.000,,,,,,,,157.66,,D2__065,,,,,,,,,Polygon,,,,SMWC,,,Y,0.0,,147.5136,29-040-015,,141,,153.0,,
,,,-121.75985072106506,38.90582300577033,"5-05, 5-06, 5-11, 5-12",,,,155.0,2199/12/31 00:00:00.000,,,2022/02/28 00:00:00.000,,,,,,,,160.71,,D2__066,,,,,,,,,Polygon,,,,SMWC,,,Y,0.0,,144.9358,29-040-018,,142,,155.0,,
,,,-121.75061142064698,38.90578298893679,"5-07, 5-08, 5-09, 5-10 S",,,,152.0,2199/12/31 00:00:00.000,,,2022/02/28 00:00:00.000,,,,,,,,158.19,,D2__067,,,,,,,,,Polygon,,,,SMWC,,,Y,0.0,,145.066,"29-040-036, 29-040-020",,143,,152.0,,
,,,-121.74148930565434,38.905732467222045,"5-50A, 5-50B, 5-51A, 5-51B, 5-57, 5-58",,,,154.0,2199/12/31 00:00:00.000,,,2022/02/28 00:00:00.000,,,,,,,,159.58,,D2__068,,,,,,,,,Polygon,,,,SMWC,,,Y,0.0,,147.6758,29-050-023,,144,,154.0,,
,,,-121.73189484384044,38.905395719446936,"5-52, 5-53, 5-54, 5-55, 5-56",,,,160.0,2199/12/31 00:00:00.000,,,2022/02/28 00:00:00.000,,,,,,,,170.05,,D2__069,,,,,,,,,Polygon,,,,SMWC,,,Y,0.0,,155.4442,29-050-042,,145,,160.0,,
,,,-121.76003619998701,38.90022632220651,"5-19, 5-20",,,,76.0,2199/12/31 00:00:00.000,,,2022/02/28 00:00:00.000,,,,,,,,82.87,,D2__070,,,,,,,,,Polygon,,,,SMWC,,,Y,0.0,,74.0341,"29-040-032,29-040-033",,146,,76.0,,
,,,-121.74138603726988,38.90012340498303,"5-59, 5-60",,,,76.0,2199/12/31 00:00:00.000,,,2022/02/28 00:00:00.000,,,,,,,,79.27,,D2__071,,,,,,,,,Polygon,,,,SMWC,,,Y,0.0,,70.3658,29-050-025,,147,,76.0,,
,,,-121.75082027400954,38.89929890308071,"5-21A, 5-21B, 5-22, 5-23A, 5-24A",,,,113.0,2199/12/31 00:00:00.000,,,2022/02/28 00:00:00.000,,,,,,,,124.84,,D2__072,,,,,,,,,Polygon,,,,SMWC,,,Y,0.0,,114.4792,29-040-042,,148,,113.0,,
,,,-121.76916383339767,38.8986519243694,"5-17, 5-18, 5-27, 5-28",,,,153.0,2199/12/31 00:00:00.000,,,2023/04/01 00:00:00.000,,,,,,,,164.32,,D2__073,,,,,,,,,Polygon,,,,SMWC,,,Y,0.0,,148.5211,29-040-017,,149,,153.0,,
,,,-121.73212605469462,38.89821121911341,"5-61, 5-62, 5-65, 5-66  A",,,,156.0,2199/12/31 00:00:00.000,,,2022/02/28 00:00:00.000,,,,,,,,163.65,,D2__074,,,,,,,,,Polygon,,,,SMWC,,,Y,0.0,,144.26,"29-050-028, 29-050-029",,150,,156.0,,
,,,-121.72498664129989,38.897606934469074,"5-63, 5-64A, 5-64B N E",,,,74.0,2199/12/31 00:00:00.000,,,2022/02/28 00:00:00.000,,,,,,,,81.44,,D2__075,,,,,,,,,Polygon,,,,SMWC,,,Y,0.0,,67.3972,"29-050-028, 29-050-029, 29-050-055",,151,,74.0,,
,,,-121.74156621731981,38.89650311039606,"5-67, 5-68",,,,77.0,2199/12/31 00:00:00.000,,,2022/02/28 00:00:00.000,,,,,,,,82.42,,D2__076,,,,,,,,,Polygon,,,,SMWC,,,Y,0.0,,75.0814,"29-050-027, 29-050-026",,152,,77.0,,
,,,-121.73226950372916,38.89274511663641,"5-71, 5-72",,,,73.0,2199/12/31 00:00:00.000,,,2022/02/28 00:00:00.000,,,,,,,,78.99,,D2__077,,,,,,,,,Polygon,,,,SMWC,,,Y,0.0,,73.5248,29-070-003,,153,,73.0,,
,,,-121.72316960086114,38.89064820294314,"5-73, 5-74, 5-75, 5-76",,,,145.0,2199/12/31 00:00:00.000,,,2022/02/28 00:00:00.000,,,,,,,,151.67,,D2__078,,,,,,,,,Polygon,,,,SMWC,,,Y,0.0,,138.5811,"29-070-072, 29-090-072",,154,,145.0,,
,,,-121.71831016123217,38.88533669467308,"5-71, 5-72",,,,84.0,2199/12/31 00:00:00.000,,,2022/02/28 00:00:00.000,,,,,,,,70.49,,D2__079,,,,,Partial with D2__081,,,,Polygon,,,,SMWC,,,Y,0.0,,40.2479,29-070-003,,155,,84.0,,
,,,-121.72411465938384,38.883870460541004,"5-85, 5-90A, 5-90B",,,,40.0,2199/12/31 00:00:00.000,,,2022/02/28 00:00:00.000,,,,,,,,79.33,,D2__080,,,,,,,,,Polygon,,,,SMWC,,,Y,0.0,,102.7472,"29-070-016, 29-070-085",,156,,40.0,,
,,,-121.71736171601808,38.881926555824045,"5-73, 5-74, 5-75, 5-76",,,,84.0,2199/12/31 00:00:00.000,,,2022/02/28 00:00:00.000,,,,,,,,70.49,,D2__081,,,,,Partial with D2__079,,,,Polygon,,,,SMWC,,,Y,0.0,,56.859,"29-070-072, 29-090-072",,157,,84.0,,
,,,-121.72262337084244,38.95631053067352,10-09 (S),,,,148.0,2199/12/31 00:00:00.000,,,2022/02/28 00:00:00.000,,,,,,,,177.69,,D3__001,,,,,,,,,Polygon,,,,SMWC,,,Y,0.0,,144.1876,24-180-001,,158,,148.0,,
,,,-121.73194878849716,38.94931455194586,9-01,,,,149.0,2199/12/31 00:00:00.000,,,2022/02/28 00:00:00.000,,,,,,,,158.92,,D3__002,,,,,,,,,Polygon,,,,SMWC,,,Y,0.0,,145.9559,24-200-006,,159,,149.0,,
,,,-121.7226419537544,38.9492256381891,9-04,,,,147.0,2199/12/31 00:00:00.000,,,2022/02/28 00:00:00.000,,,,,,,,167.12,,D3__003,,,,,,,,,Polygon,,,,SMWC,,,Y,0.0,,144.7286,24-190-001,,160,,147.0,,
,,,-121.74179623224997,38.94224559852181,"8-08, 8-20 (N), 8-08, 8-20 (S) B",,,,162.0,2199/12/31 00:00:00.000,,,2022/02/28 00:00:00.000,,,,,,,,147.43,,D3__004,,,,,,,,,Polygon,,,,SMWC,,,Y,0.0,,165.4288,,,161,,162.0,,
,,,-121.7320052995292,38.941977004170006,9-02,,,,152.0,2199/12/31 00:00:00.000,,,2022/02/28 00:00:00.000,,,,,,,,157.88,,D3__005,,,,,,,,,Polygon,,,,SMWC,,,Y,0.0,,150.3372,24-200-009,,162,,152.0,,
,,,-121.72282058126466,38.94194878355342,9-03,,,,149.0,2199/12/31 00:00:00.000,,,2022/02/28 00:00:00.000,,,,,,,,158.35,,D3__006,,,,,,,,,Polygon,,,,SMWC,,,Y,0.0,,147.5191,24-190-003,,163,,149.0,,
,,,-121.71411438485404,38.93998807991984,9-21A (SW),,,,150.0,2199/12/31 00:00:00.000,,,2022/02/28 00:00:00.000,,,,,,,,151.1,,D3__007,,,,,,,,,Polygon,,,,SMWC,,,Y,0.0,,130.7715,24-190-007,,164,,150.0,,
,,,-121.73221553584798,38.93470959680181,9-23A,,,,159.0,2199/12/31 00:00:00.000,,,2022/02/28 00:00:00.000,,,,,,,,163.38,,D3__008,,,,,,,,,Polygon,,,,SMWC,,,Y,0.0,,146.0761,24-230-011,,165,,159.0,,
,,,-121.72283165880593,38.934635279860956,9-22N,,,,155.0,2199/12/31 00:00:00.000,,,2022/02/28 00:00:00.000,,,,,,,,163.76,,D3__009,,,,,,,,,Polygon,,,,SMWC,,,Y,0.0,,147.2288,24-240-001 N,,166,,155.0,,
,,,-121.73949633738216,38.9339105201687,"8-08, 8-20 (S) A",,,,115.0,2199/12/31 00:00:00.000,,,2022/02/28 00:00:00.000,,,,,,,,147.43,,D3__010,,,,,,,,,Polygon,,,,SMWC,,,Y,0.0,,125.0555,24-230-006,,167,,115.0,,
,,,-121.71361326435824,38.93307314860661,9-21B (N),,,,149.0,2199/12/31 00:00:00.000,,,2022/02/28 00:00:00.000,,,,,,,,142.87,,D3__011,,,,,,,,,Polygon,,,,SMWC,,,Y,0.0,,143.563,24-240-006,,168,,149.0,,
,,,-121.70666435923465,38.931723974622464,9-20 WEST  A,,,,173.0,2199/12/31 00:00:00.000,,,2022/02/28 00:00:00.000,,,,,,,,171.61,,D3__012,,,,,,,,,Polygon,,,,SMWC,,,Y,0.0,,163.9695,24-240-003 West 1/2 173 Acres,,169,,173.0,,
,,,-121.69556369023384,38.93124149013002,9-19 (N),,,,128.0,2199/12/31 00:00:00.000,,,2022/02/28 00:00:00.000,,,,,,,,124.08,,D3__013,,,,,,,,,Polygon,,,,SMWC,,,Y,0.0,,122.728,25-240-004 North 128 Acres,,170,,128.0,,
,,,-121.7020582634279,38.93060094610638,9-20 EAST,,,,158.0,2199/12/31 00:00:00.000,,,2022/02/28 00:00:00.000,,,,,,,,171.61,,D3__014,,,,,,,,,Polygon,,,,SMWC,,,Y,0.0,,147.5815,24-240-003,,171,,158.0,,
,,,-121.68850061542084,38.92753397983359,9-18,,,,79.0,2199/12/31 00:00:00.000,,,2023/04/01 00:00:00.000,,,,,,,,80.59,,D3__015,,,,,,,,,Polygon,,,,SMWC,,,Y,0.0,,62.0048,25-200-016,,172,,79.0,,
,,,-121.73210678243798,38.927492890798256,9-23B,,,,156.0,2199/12/31 00:00:00.000,,,2022/02/28 00:00:00.000,,,,,,,,162.94,,D3__016,,,,,,,,,Polygon,,,,SMWC,,,Y,0.0,,150.2681,24-230-007,,173,,156.0,,
,,,-121.7228663226689,38.92743981238313,9-22 (S),,,,155.0,2199/12/31 00:00:00.000,,,2022/02/28 00:00:00.000,,,,,,,,163.76,,D3__017,,,,,,,,,Polygon,,,,SMWC,,,Y,0.0,,150.5171,24-240-001 N,,174,,155.0,,
,,,-121.7135447930933,38.92662337986132,9-21B (S),,,,130.0,2199/12/31 00:00:00.000,,,2022/02/28 00:00:00.000,,,,,,,,142.87,,D3__018,,,,,,,,,Polygon,,,,SMWC,,,Y,0.0,,122.3924,24-240-005,,175,,130.0,,
,,,-121.68409075278856,38.925856724646074,9-16 W,,,,59.0,2199/12/31 00:00:00.000,,,2022/02/28 00:00:00.000,,,,,,,,64.03,,D3__019,,,,,,,,,Polygon,,,,SMWC,,,Y,0.0,,55.3369,25-200-017 West 59 Acres,,176,,59.0,,
,,,-121.6950645701593,38.92581368295796,9-19 (S),,,,115.0,2199/12/31 00:00:00.000,,,2022/02/28 00:00:00.000,,,,,,,,124.09,,D3__020,,,,,,,,,Polygon,,,,SMWC,,,Y,0.0,,94.2419,25-240-004 South 60 Acres,,177,,115.0,,
,,,-121.72298966205703,38.92169442280515,8-21,,,,75.0,2199/12/31 00:00:00.000,,,2022/02/28 00:00:00.000,,,,,,,,80.19,,D3__021,,,,,Partial with D3__029,,,,Polygon,,,,SMWC,,,Y,0.0,,70.3076,29-050-006,,178,,75.0,,
,,,-121.71379272676849,38.91998196937514,"6-01, 6-02, 6-13, 6-14",,,,148.0,2199/12/31 00:00:00.000,,,2022/02/28 00:00:00.000,,,,,,,,159.26,,D3__022,,,,,,,,,Polygon,,,,SMWC,,,Y,0.0,,145.9996,"29-050-007, 29-050-008, 29-050-009",,179,,148.0,,
,,,-121.69453133260406,38.919895247516436,"6-05, 6-06, 6-07, 6-08, 6-09, 6-10",,,,164.0,2199/12/31 00:00:00.000,,,2022/02/28 00:00:00.000,,,,,,,,182.02,,D3__023,,,,,,,,,Polygon,,,,SMWC,,,Y,0.0,,158.3954,"29-050-017, 29-050-018, 29-050-001, 29-050-020, 29-050-019, 29-200-003",,180,,164.0,,
,,,-121.70444925590093,38.91980693163837,"6-03, 6-04, 6-11, 6-12 A",,,,148.0,2199/12/31 00:00:00.000,,,2022/02/28 00:00:00.000,,,,,,,,158.92,,D3__024,,,,,,,,,Polygon,,,,SMWC,,,Y,0.0,,141.9363,"29-050-013, 29-050-014, 29-050-016, 29-050-015",,181,,148.0,,
,,,-121.66746557372154,38.9198065950217,"7-005, 7-006, 7-007, 7-008",,,,147.0,2199/12/31 00:00:00.000,,,2022/02/28 00:00:00.000,,,,,,,,153.65,,D3__025,,,,,,,,,Polygon,,,,SMWC,,,Y,0.0,,146.2614,29-200-044,,182,,147.0,,
,,,-121.67669847303205,38.9197803278781,"7-003A, 7-004,  7-009, 7-010 A",,,,147.0,2199/12/31 00:00:00.000,,,2022/02/28 00:00:00.000,,,,,,,,150.94,,D3__026,,,,,,,,,Polygon,,,,SMWC,,,Y,0.0,,125.4978,29-200-041,,183,,147.0,,
,,,-121.68524446702241,38.91953897131382,"7-001, 7-002, 7-011, 7-012",,,,113.0,2199/12/31 00:00:00.000,,,2022/02/28 00:00:00.000,,,,,,,,121.46,,D3__027,,,,,,,,,Polygon,,,,SMWC,,,Y,0.0,,106.5649,29-200-002,,184,,113.0,,
,,,-121.73052491171886,38.918748187006926,"8-23, 8-24",,,,146.0,2199/12/31 00:00:00.000,,,2022/02/28 00:00:00.000,,,,,,,,163.97,,D3__028,,,,,,,,,Polygon,,,,SMWC,,,Y,0.0,,151.175,29-050-002,,185,,146.0,,
,,,-121.72306557899113,38.91825657841876,,,,,76.0,2199/12/31 00:00:00.000,,,2022/02/28 00:00:00.000,,,,,,,,80.2,,D3__029,,,,,Partial with D3__021,,,,Polygon,,,,SMWC,,,Y,0.0,,70.1914,,,186,,76.0,,
,,,-121.69578154933753,38.91292821340462,"6-19, 6-20, 6-23, 6-24 N",,,,131.0,2199/12/31 00:00:00.000,,,2022/02/28 00:00:00.000,,,,,,,,138.17,,D3__030,,,,,,,,,Polygon,,,,SMWC,,,Y,0.0,,124.1383,29-050-022,,187,,131.0,,
,,,-121.72294449124186,38.91282905972364,8-22 A,,,,154.0,2199/12/31 00:00:00.000,,,2023/04/01 00:00:00.000,,,,,,,,160.56,,D3__031,,,,,,,,,Polygon,,,,SMWC,,,Y,0.0,,149.1561,29-050-011,,188,,154.0,,
,,,-121.71372167451374,38.912824645466884,"6-15, 6-16, 6-27, 6-28",,,,151.0,2199/12/31 00:00:00.000,,,2022/02/28 00:00:00.000,,,,,,,,158.42,,D3__032,,,,,,,,,Polygon,,,,SMWC,,,Y,0.0,,148.3759,29-050-012,,189,,151.0,,
,,,-121.70438271394352,38.91274697990335,"6-17, 6-18, 6-25, 6-26",,,,152.0,2199/12/31 00:00:00.000,,,2023/04/01 00:00:00.000,,,,,,,,160.13,,D3__033,,,,,,,,,Polygon,,,,SMWC,,,Y,0.0,,150.1507,29-050-021,,190,,152.0,,
,,,-121.66761552136187,38.91270902074327,"7-017, 7-018, 7-019, 7-020",,,,158.0,2199/12/31 00:00:00.000,,,2022/02/28 00:00:00.000,,,,,,,,164.73,,D3__034,,,,,,,,,Polygon,,,,SMWC,,,Y,0.0,,153.8316,29-200-043 E,,191,,158.0,,
,,,-121.67704269004575,38.91269941068569,"7-015, 7-016, 7-021, 7-022",,,,155.0,2199/12/31 00:00:00.000,,,2022/02/28 00:00:00.000,,,,,,,,161.69,,D3__035,,,,,,,,,Polygon,,,,SMWC,,,Y,0.0,,139.5942,29-200-006,,192,,155.0,,
,,,-121.68639445571924,38.91260328455294,"6-21, 6-22, 7-013, 7-014, 7-023, 7-024",,,,165.0,2199/12/31 00:00:00.000,,,2022/02/28 00:00:00.000,,,,,,,,179.26,,D3__036,,,,,,,,,Polygon,,,,SMWC,,,Y,0.0,,159.5369,29-200-006,,193,,165.0,,
,,,-121.7224303498437,38.9058302380601,"6-29, 6-30, 6-44, 6-45",,,,129.0,2199/12/31 00:00:00.000,,,2022/02/28 00:00:00.000,,,,,,,,135.58,,D3__037,,,,,,,,,Polygon,,,,SMWC,,,Y,0.0,,124.372,29-050-030,,194,,129.0,,
,,,-121.71601342394187,38.905383127750355,"6-32, 6-42",,,,77.0,2199/12/31 00:00:00.000,,,2022/02/28 00:00:00.000,,,,,,,,80.93,,D3__038,,,,,,,,,Polygon,,,,SMWC,,,Y,0.0,,70.9165,29-050-032,,195,,77.0,,
,,,-121.71167551974091,38.90532288458718,,,,,78.0,2199/12/31 00:00:00.000,,,2022/02/28 00:00:00.000,,,,,,,,81.43,,D3__039,,,,,,,,,Polygon,,,,SMWC,,,Y,0.0,,71.4956,,,196,,78.0,,
,,,-121.70679367241627,38.9053107265187,"6-33, 6-41",,,,79.0,2199/12/31 00:00:00.000,,,2022/02/28 00:00:00.000,,,,,,,,81.48,,D3__040,,,,,,,,,Polygon,,,,SMWC,,,Y,0.0,,70.2006,29-050-050,,197,,79.0,,
,,,-121.70230922491598,38.9052977608011,"6-34, 6-40 A",,,,79.0,2199/12/31 00:00:00.000,,,2022/02/28 00:00:00.000,,,,,,,,81.85,,D3__041,,,,,,,,,Polygon,,,,SMWC,,,Y,0.0,,68.7376,29-050-048,,198,,79.0,,
,,,-121.66769189447292,38.90529611074745,"7-048, 7-049, 7-050, 7-051",,,,160.0,2199/12/31 00:00:00.000,,,2022/02/28 00:00:00.000,,,,,,,,164.95,,D3__042,,,,,,,,,Polygon,,,,SMWC,,,Y,0.0,,153.5081,29-200-025,,199,,160.0,,
,,,-121.67718297105982,38.90517431756873,"7-046, 7-047, 7-052, 7-053",,,,158.0,2199/12/31 00:00:00.000,,,2022/02/28 00:00:00.000,,,,,,,,162.43,,D3__043,,,,,,,,,Polygon,,,,SMWC,,,Y,0.0,,144.9029,29-200-024,,200,,158.0,,
,,,-121.68614638216518,38.90513059212529,"7-044, 7-045, 7-054, 7-055",,,,155.0,2199/12/31 00:00:00.000,,,2022/02/28 00:00:00.000,,,,,,,,158.53,,D3__044,,,,,,,,,Polygon,,,,SMWC,,,Y,0.0,,147.1403,29-200-022,,201,,155.0,,
,,,-121.69751835952695,38.90346334943773,"6-35, 6-36, 6-39, 6-51, 6-55A",,,,125.0,2199/12/31 00:00:00.000,,,2022/02/28 00:00:00.000,,,,,,,,138.24,,D3__045,,,,,,,,,Polygon,,,,SMWC,,,Y,0.0,,116.7657,29-050-039,,202,,125.0,,
,,,-121.6933294237937,38.900413622674655,"6-37, 6-38, 6-52, 6-53, 6-54",,,,166.0,2199/12/31 00:00:00.000,,,2022/02/28 00:00:00.000,,,,,,,,181.53,,D3__046,,,,,,,,,Polygon,,,,SMWC,,,Y,0.0,,160.5252,"29-050-057, 29-050-058",,203,,166.0,,
,,,-121.72030868966777,38.89893695445315,"6-46, 6-60",,,,53.0,2199/12/31 00:00:00.000,,,2022/02/28 00:00:00.000,,,,,,,,60.54,,D3__047,,,,,,,,,Polygon,,,,SMWC,,,Y,0.0,,53.8541,29-050-034,,204,,53.0,,
,,,-121.71604932514883,38.89818025112441,"6-47, 6-59",,,,75.0,2199/12/31 00:00:00.000,,,2022/02/28 00:00:00.000,,,,,,,,79.53,,D3__048,,,,,,,,,Polygon,,,,SMWC,,,Y,0.0,,73.6633,29-050-052,,205,,75.0,,
,,,-121.7045068881737,38.89812781998989,"6-49, 6-50, 6-56, 6-57  A",,,,154.0,2199/12/31 00:00:00.000,,,2022/02/28 00:00:00.000,,,,,,,,160.07,,D3__049,,,,,,,,,Polygon,,,,SMWC,,,Y,0.0,,150.4066,29-050-047,,206,,154.0,,
,,,-121.7114663203285,38.8981036423909,"6-48, 6-58",,,,76.0,2199/12/31 00:00:00.000,,,2022/02/28 00:00:00.000,,,,,,,,79.78,,D3__050,,,,,,,,,Polygon,,,,SMWC,,,Y,0.0,,71.4865,29-050-051,,207,,76.0,,
,,,-121.67703724578364,38.89804155885298,"7-058, 7-059, 7-064, 7-065",,,,151.0,2199/12/31 00:00:00.000,,,2022/02/28 00:00:00.000,,,,,,,,157.88,,D3__051,,,,,,,,,Polygon,,,,SMWC,,,Y,0.0,,146.6253,29-200-024,,208,,151.0,,
,,,-121.6861331211068,38.89799256330226,"7-056, 7-057, 7-066, 7-067",,,,150.0,2199/12/31 00:00:00.000,,,2022/02/28 00:00:00.000,,,,,,,,155.43,,D3__052,,,,,,,,,Polygon,,,,SMWC,,,Y,0.0,,139.1019,29-200-023,,209,,150.0,,
,,,-121.66788748132652,38.897969662931885,"7-060, 7-061, 7-062, 7-063",,,,154.0,2199/12/31 00:00:00.000,,,2023/04/02 00:00:00.000,,,,,,,,159.44,,D3__053,,,,,,,,,Polygon,,,,SMWC,,,Y,0.0,,130.7852,,,210,,154.0,,
,,,-121.71413644849532,38.892678542304196,"6-63, 6-64",,,,79.0,2199/12/31 00:00:00.000,,,2023/04/01 00:00:00.000,,,,,,,,83.38,,D3__054,,,,,,,,,Polygon,,,,SMWC,,,Y,0.0,,71.0587,29-070-014,,211,,79.0,,
,,,-121.70460968470005,38.89123217476835,"6-65, 6-66, 6-71",,,,136.0,2199/12/31 00:00:00.000,,,2022/02/28 00:00:00.000,,,,,,,,120.53,,D3__055,,,,,,,,,Polygon,,,,SMWC,,,Y,0.0,,129.523,29-070-019,,212,,136.0,,
,,,-121.67722434280209,38.890611868717905,"7-070, 7-071, 7-076, 7-077",,,,154.0,2199/12/31 00:00:00.000,,,2022/02/28 00:00:00.000,,,,,,,,163.37,,D3__056,,,,,,,,,Polygon,,,,SMWC,,,Y,0.0,,144.4228,29-220-027,,213,,154.0,,
,,,-121.68630337301055,38.89060207136222,"7-068, 7-069, 7-078, 7-079",,,,150.0,2199/12/31 00:00:00.000,,,2022/02/28 00:00:00.000,,,,,,,,154.8,,D3__057,,,,,,,,,Polygon,,,,SMWC,,,Y,0.0,,140.6385,29-220-001,,214,,150.0,,
,,,-121.69535230692725,38.89053874273444,"6-67, 6-68, 6-69, 6-70",,,,151.0,2199/12/31 00:00:00.000,,,2022/02/28 00:00:00.000,,,,,,,,161.44,,D3__058,,,,,,,,,Polygon,,,,SMWC,,,Y,0.0,,140.4355,29-070-020,,215,,151.0,,
,,,-121.6678415430903,38.89051841920053,"7-072, 7-073, 7-074, 7-075",,,,151.0,2199/12/31 00:00:00.000,,,2022/02/28 00:00:00.000,,,,,,,,162.56,,D3__059,,,,,,,,,Polygon,,,,SMWC,,,Y,0.0,,150.4184,"29-220-004, 29-220-005",,216,,151.0,,
,,,-121.65864608990587,38.89045424773871,"7-114, 7-115, 7-124, 7-125",,,,145.0,2199/12/31 00:00:00.000,,,2022/02/28 00:00:00.000,,,,,,,,160.62,,D3__060,,,,,,,,,Polygon,,,,SMWC,,,Y,0.0,,143.5984,29-220-006,,217,,145.0,,
,,,-121.7121082780723,38.886650776998806,"6-73, 6-74, 6-75A, 6-75B, 6-86D",,,,123.0,2199/12/31 00:00:00.000,,,2022/02/28 00:00:00.000,,,,,,,,133.57,,D3__061,,,,,,,,,Polygon,,,,SMWC,,,Y,0.0,,119.3276,29-070-015,,218,,123.0,,
,,,-121.70595948662888,38.8843490449081,,,,,125.0,2199/12/31 00:00:00.000,,,2022/02/28 00:00:00.000,,,,,,,,154.72,,D3__062,,,,,,,,,Polygon,,,,SMWC,,,Y,0.0,,118.6054,,,219,,125.0,,
,,,-121.67712756086644,38.88341889189489,"7-082, 7-083, 7-088, 7-089",,,,156.0,2199/12/31 00:00:00.000,,,2022/02/28 00:00:00.000,,,,,,,,161.99,,D3__063,,,,,,,,,Polygon,,,,SMWC,,,Y,0.0,,147.4597,,,220,,156.0,,
,,,-121.68624842140673,38.88340884203974,"7-080, 7-081, 7-090, 7-091",,,,150.0,2199/12/31 00:00:00.000,,,2022/02/28 00:00:00.000,,,,,,,,156.47,,D3__064,,,,,,,,,Polygon,,,,SMWC,,,Y,0.0,,141.0617,29-220-001 South 150 Acres,,221,,150.0,,
,,,-121.69661070061748,38.883381552535326,"6-78, 6-79, 6-80, 6-81, 6-82, 6-83",,,,192.0,2199/12/31 00:00:00.000,,,2022/02/28 00:00:00.000,,,,,,,,209.19,,D3__065,,,,,,,,,Polygon,,,,SMWC,,,Y,0.0,,195.0797,"29-070-022, 29-070-023",,222,,192.0,,
,,,-121.6678339512804,38.88331417058057,"7-084, 7-085, 7-086, 7-087",,,,151.0,2199/12/31 00:00:00.000,,,2022/02/28 00:00:00.000,,,,,,,,162.4,,D3__066,,,,,,,,,Polygon,,,,SMWC,,,Y,0.0,,150.7949,29-220-007,,223,,151.0,,
,,,-121.65868937766372,38.88329926560184,"7-126, 7-127, 7-136, 7-137",,,,146.0,2199/12/31 00:00:00.000,,,2022/02/28 00:00:00.000,,,,,,,,161.11,,D3__067,,,,,,,,,Polygon,,,,SMWC,,,Y,0.0,,145.7957,29-220-008,,224,,146.0,,
,,,-121.70773515459146,38.87790487841693,3-1 (R.T.1),,,,52.0,2199/12/31 00:00:00.000,,,2022/02/28 00:00:00.000,,,,,,,,58.43,,D3__068,,,,,,,,,Polygon,,,,SMWC,,,Y,0.0,,48.0064,"29-070-095, 29-070-094",,225,,52.0,,
,,,-121.70322490078438,38.87669124950925,"3-2, 3-15B (R.T.-2)",,,,47.0,2199/12/31 00:00:00.000,,,2022/02/28 00:00:00.000,,,,,,,,75.79,,D3__069,,,,,,,,,Polygon,,,,SMWC,,,Y,0.0,,43.9887,29-070-092,,226,,47.0,,
,,,-121.69552090715975,38.87606188729593,"3-03A, 3-04, 3-13, 3-14A",,,,154.0,2199/12/31 00:00:00.000,,,2022/02/28 00:00:00.000,,,,,,,,159.56,,D3__070,,,,,,,,,Polygon,,,,SMWC,,,Y,0.0,,143.7602,"29-070-050, 29-070-049",,227,,154.0,,
,,,-121.67727657696956,38.875930068929584,"3-07, 3-08, 3-09, 3-10",,,,154.0,2199/12/31 00:00:00.000,,,2022/02/28 00:00:00.000,,,,,,,,159.63,,D3__071,,,,,,,,,Polygon,,,,SMWC,,,Y,0.0,,143.7975,29-220-014,,228,,154.0,,
,,,-121.68637160004918,38.87589883956949,"3-05, 3-06, 3-11, 3-12",,,,150.0,2199/12/31 00:00:00.000,,,2022/02/28 00:00:00.000,,,,,,,,155.87,,D3__072,,,,,,,,,Polygon,,,,SMWC,,,Y,0.0,,141.5288,29-220-013,,229,,150.0,,
,,,-121.66795381431751,38.875891374873376,"3-31, 3-32, 3-43, 3-44",,,,155.0,2199/12/31 00:00:00.000,,,2022/02/28 00:00:00.000,,,,,,,,160.46,,D3__073,,,,,,,,,Polygon,,,,SMWC,,,Y,0.0,,146.2678,29-220-017,,230,,155.0,,
,,,-121.65871239458886,38.875832328630565,"3-33, 3-34, 3-41, 3-42",,,,155.0,2199/12/31 00:00:00.000,,,2022/02/28 00:00:00.000,,,,,,,,159.13,,D3__074,,,,,,,,,Polygon,,,,SMWC,,,Y,0.0,,146.4326,29-220-018,,231,,155.0,,
,,,-121.70153021250361,38.87307848589005,,,,,6.5,2199/12/31 00:00:00.000,,,2021/03/01 00:00:00.000,,,,,,,,6.5,,D3__075,,,,,,,,,Polygon,,,,SMWC,,,Y,0.0,,6.5378,,,232,,6.5,,
,,,-121.69555982578775,38.86892170056863,"3-18A, 3-19, 3-28, 3-29",,,,148.0,2199/12/31 00:00:00.000,,,2022/02/28 00:00:00.000,,,,,,,,159.56,,D3__076,,,,,,,,,Polygon,,,,SMWC,,,Y,0.0,,145.2112,"29-070-046, 29-070-047",,233,,148.0,,
,,,-121.68639988633538,38.86888802087732,"3-20, 3-21, 3-26, 3-27",,,,149.0,2199/12/31 00:00:00.000,,,2022/02/28 00:00:00.000,,,,,,,,156.09,,D3__077,,,,,,,,,Polygon,,,,SMWC,,,Y,0.0,,140.1616,29-220-015,,234,,149.0,,
,,,-121.67732547784655,38.868875728394016,"3-22, 3-23, 3-24, 3-25",,,,153.0,2199/12/31 00:00:00.000,,,2023/04/02 00:00:00.000,,,,,,,,159.94,,D3__078,,,,,,,,,Polygon,,,,SMWC,,,Y,0.0,,148.5052,29-220-016,,235,,153.0,,
,,,-121.66800310298055,38.868771417080524,"3-45, 3-46, 3-54, 3-55",,,,155.0,2199/12/31 00:00:00.000,,,2022/02/28 00:00:00.000,,,,,,,,161.24,,D3__079,,,,,,,,,Polygon,,,,SMWC,,,Y,0.0,,145.15,29-220-017,,236,,155.0,,
,,,-121.65875762691957,38.868720177420336,"3-47, 3-48, 3-52, 3-53",,,,156.0,2199/12/31 00:00:00.000,,,2022/02/28 00:00:00.000,,,,,,,,160.27,,D3__080,,,,,,,,,Polygon,,,,SMWC,,,Y,0.0,,149.2318,29-220-018,,237,,156.0,,
,,,-121.70110378512494,38.86421209614271,R.T.6,,,,20.0,2199/12/31 00:00:00.000,,,2022/02/28 00:00:00.000,,,,,,,,27.97,,D3__081,,,,,,,,,Polygon,,,,SMWC,,,Y,0.0,,19.2822,29-190-022,,238,,20.0,,
,,,-121.69541454872117,38.86166604466807,"3-57, 3-58, 3-67, 3-68",,,,154.0,2199/12/31 00:00:00.000,,,2022/02/28 00:00:00.000,,,,,,,,159.91,,D3__082,,,,,,,,,Polygon,,,,SMWC,,,Y,0.0,,152.5183,29-190-023,,239,,154.0,,
,,,-121.67736709226135,38.8616163489755,"3-61, 3-62, 3-63A, 3-63B, 3-64",,,,152.0,2199/12/31 00:00:00.000,,,2022/02/28 00:00:00.000,,,,,,,,162.59,,D3__083,,,,,,,,,Polygon,,,,SMWC,,,Y,0.0,,149.5205,"29-240-002, 29-240-015",,240,,152.0,,
,,,-121.68636286498285,38.8615902384032,"3-59, 3-60, 3-65, 3-66",,,,153.0,2199/12/31 00:00:00.000,,,2022/02/28 00:00:00.000,,,,,,,,159.54,,D3__084,,,,,,,,,Polygon,,,,SMWC,,,Y,0.0,,149.181,29-240-001,,241,,153.0,,
,,,-121.66796029833878,38.861456146921476,"3-80, 3-81, 3-88, 3-89",,,,158.0,2199/12/31 00:00:00.000,,,2022/02/28 00:00:00.000,,,,,,,,164.51,,D3__085,,,,,,,,,Polygon,,,,SMWC,,,Y,0.0,,153.7479,,,242,,158.0,,
,,,-121.65875364939288,38.861414384053944,"3-82, 3-83, 3-86, 3-87",,,,157.0,2199/12/31 00:00:00.000,,,2022/02/28 00:00:00.000,,,,,,,,162.48,,D3__086,,,,,,,,,Polygon,,,,SMWC,,,Y,0.0,,150.4496,29-240-005,,243,,157.0,,
,,,-121.71483031495677,38.97615903335447,10-04A (NORTH),,,,102.0,2199/12/31 00:00:00.000,,,2022/02/28 00:00:00.000,,,,,,,,134.61,,D4__001,,,,,,,,,Polygon,,,,SMWC,,,Y,0.0,,101.5597,24-130-017,,244,,102.0,,
,,,-121.71330267508289,38.97067822975683,10-04A (SOUTH),,,,129.0,2199/12/31 00:00:00.000,,,2022/02/28 00:00:00.000,,,,,,,,134.61,,D4__002,,,,,,,,,Polygon,,,,SMWC,,,Y,0.0,,128.7356,24-130-017,,245,,129.0,,
,,,-121.70475463265257,38.9699648804268,10-04A (EAST),,,,102.0,2199/12/31 00:00:00.000,,,2022/02/28 00:00:00.000,,,,,,,,134.61,,D4__003,,,,,,,,,Polygon,,,,SMWC,,,Y,0.0,,92.4541,24-130-017,,246,,102.0,,
,,,-121.70416026516872,38.96398673693793,10-11 (North),,,,142.0,2199/12/31 00:00:00.000,,,2022/02/28 00:00:00.000,,,,,,,,161.88,,D4__004,,,,,,,,,Polygon,,,,SMWC,,,Y,0.0,,138.2745,24-180-004 North 142 Acres,,247,,142.0,,
,,,-121.69553750033616,38.96345632172603,10-12 (N),,,,108.0,2199/12/31 00:00:00.000,,,2022/02/28 00:00:00.000,,,,,,,,148.55,,D4__005,,,,,,,,,Polygon,,,,SMWC,,,Y,0.0,,106.3722,24-180-005 North 103 Acres,,248,,108.0,,
,,,-121.7128524588456,38.95995128282019,10-10,,,,254.0,2199/12/31 00:00:00.000,,,2022/02/28 00:00:00.000,,,,,,,,285.81,,D4__006,,,,,,,,,Polygon,,,,SMWC,,,Y,0.0,,256.0614,24-180-003,,249,,254.0,,
,,,-121.70422699102299,38.956715231750984,10-11 (S),,,,152.0,2199/12/31 00:00:00.000,,,2022/02/28 00:00:00.000,,,,,,,,161.87,,D4__007,,,,,,,,,Polygon,,,,SMWC,,,Y,0.0,,161.5224,24-180-004 South 152 Acres,,250,,152.0,,
,,,-121.69496738231312,38.95669428560063,10-12 (S),,,,151.0,2199/12/31 00:00:00.000,,,2022/02/28 00:00:00.000,,,,,,,,148.56,,D4__008,,,,,,,,,Polygon,,,,SMWC,,,Y,0.0,,158.809,24-180-005 South 151 Acres,,251,,151.0,,
,,,-121.68547456510214,38.956362959809105,"10-13, 10-14-1",,,,191.0,2199/12/31 00:00:00.000,,,2022/02/28 00:00:00.000,,,,,,,,217.37,,D4__009,,,,,,,,,Polygon,,,,SMWC,,,Y,0.0,,178.0475,"25-130-017, 25-130-018",,252,,191.0,,
,,,-121.68441466818803,38.94922019940874,9-08(N),,,,190.0,2199/12/31 00:00:00.000,,,2022/02/28 00:00:00.000,,,,,,,,200.71,,D4__010,,,,,,,,,Polygon,,,,SMWC,,,Y,0.0,,188.04,"25-200-001, 25-200-002",,253,,190.0,,
,,,-121.70427433668138,38.949142143881076,9-06 (N),,,,155.0,2199/12/31 00:00:00.000,,,2022/02/28 00:00:00.000,,,,,,,,151.42,,D4__011,,,,,,,,,Polygon,,,,SMWC,,,Y,0.0,,148.611,24-190-005,,254,,155.0,,
,,,-121.69501090898564,38.94856929405244,9-07 (N),,,,165.0,2199/12/31 00:00:00.000,,,2022/02/28 00:00:00.000,,,,,,,,196.02,,D4__012,,,,,,,,,Polygon,,,,SMWC,,,Y,0.0,,168.6247,24-190-006,,255,,165.0,,
,,,-121.71284947275403,38.94812720496992,9-05,,,,177.0,2199/12/31 00:00:00.000,,,2022/02/28 00:00:00.000,,,,,,,,193.67,,D4__013,,,,,,,,,Polygon,,,,SMWC,,,Y,0.0,,177.2024,24-190-002,,256,,177.0,,
,,,-121.67561759860993,38.947279229110435,9-09(N),,,,100.0,2199/12/31 00:00:00.000,,,2022/02/28 00:00:00.000,,,,,,,,117.86,,D4__014,,,,,,,,,Polygon,,,,SMWC,,,Y,0.0,,91.0499,25-200-004 North 100 Acres,,257,,100.0,,
,,,-121.70368107529505,38.94236844512288,9-06 (S),,,,126.0,2199/12/31 00:00:00.000,,,2022/02/28 00:00:00.000,,,,,,,,151.43,,D4__015,,,,,,,,,Polygon,,,,SMWC,,,Y,0.0,,133.12,24-190-005,,258,,126.0,,
,,,-121.66848116195997,38.94168996817188,9-10,,,,136.0,2199/12/31 00:00:00.000,,,2022/02/28 00:00:00.000,,,,,,,,164.73,,D4__016,,,,,,,,,Polygon,,,,SMWC,,,Y,0.0,,131.2428,25-200-009,,259,,136.0,,
,,,-121.67660881424385,38.940927826446725,9-09(S),,,,124.0,2199/12/31 00:00:00.000,,,2022/02/28 00:00:00.000,,,,,,,,120.85,,D4__017,,,,,,,,,Polygon,,,,SMWC,,,Y,0.0,,106.9279,25-200-004 South 124 Acres,,260,,124.0,,
,,,-121.68637868245762,38.94058945468648,"9-08(S), 9-17A",,,,208.0,2199/12/31 00:00:00.000,,,2022/02/28 00:00:00.000,,,,,,,,229.8,,D4__018,,,,,,,,,Polygon,,,,SMWC,,,Y,0.0,,199.9038,25-200-012,,261,,208.0,,
,,,-121.69463639402642,38.939636379815354,9-07 (S),,,,206.0,2199/12/31 00:00:00.000,,,2022/02/28 00:00:00.000,,,,,,,,196.03,,D4__019,,,,,,,,,Polygon,,,,SMWC,,,Y,0.0,,196.0764,24-190-006,,262,,206.0,,
,,,-121.68490367950267,38.93648165230492,9-17B 1/2A,,,,31.0,2199/12/31 00:00:00.000,,,2022/02/28 00:00:00.000,,,,,,,,33.3,,D4__020,,,,,,,,,Polygon,,,,SMWC,,,Y,0.0,,26.7796,,,263,,31.0,,
,,,-121.67025004088948,38.93450747269337,,,,,89.0,2199/12/31 00:00:00.000,,,2022/02/28 00:00:00.000,,,,,,,,94.74,,D4__021,,,,,,,,,Polygon,,,,SMWC,,,Y,0.0,,57.7378,,,264,,89.0,,
,,,-121.65921814505265,38.93337136943112,9-12A,,,,142.0,2199/12/31 00:00:00.000,,,2022/02/28 00:00:00.000,,,,,,,,146.88,,D4__022,,,,,,,,,Polygon,,,,SMWC,,,Y,0.0,,119.3662,25-200-021,,265,,142.0,,
,,,-121.66579803762833,38.93438028948462,,,,,60.0,2199/12/31 00:00:00.000,,,2022/02/28 00:00:00.000,,,,,,,,63.16,,D4__023,,,,,,,,,Polygon,,,,SMWC,,,Y,0.0,,85.6854,,,266,,60.0,,
,,,-121.68093486286787,38.9327818141701,9-15,,,,122.0,2199/12/31 00:00:00.000,,,2022/02/28 00:00:00.000,,,,,,,,128.12,,D4__024,,,,,,,,,Polygon,,,,SMWC,,,Y,0.0,,112.9838,25-200-014,,267,,122.0,,
,,,-121.68585885717116,38.93292971691407,9-17B 1/2B,,,,32.0,2199/12/31 00:00:00.000,,,2022/02/28 00:00:00.000,,,,,,,,33.31,,D4__025,,,,,,,,,Polygon,,,,SMWC,,,Y,0.0,,26.1029,,,268,,32.0,,
,,,-121.67519328169715,38.93165640857734,"9-14, 122A",,,,180.0,2199/12/31 00:00:00.000,,,2022/02/28 00:00:00.000,,,,,,,,192.91,,D4__026,,,,,,,,,Polygon,,,,SMWC,,,Y,0.0,,180.6342,"25-200-015, 25-200-019",,269,,180.0,,
,,,-121.66744036954445,38.927226678427964,9-13B,,,,162.0,2199/12/31 00:00:00.000,,,2022/02/28 00:00:00.000,,,,,,,,173.37,,D4__027,,,,,,,,,Polygon,,,,SMWC,,,Y,0.0,,155.9355,25-200-022,,270,,162.0,,
,,,-121.65827198741208,38.92673647834467,9-12B,,,,141.0,2199/12/31 00:00:00.000,,,2022/02/28 00:00:00.000,,,,,,,,143.81,,D4__028,,,,,,,,,Polygon,,,,SMWC,,,Y,0.0,,131.3504,25-200-023,,271,,141.0,,
,,,-121.65079350292758,38.926237753329936,9-11,,,,89.0,2199/12/31 00:00:00.000,,,2022/02/28 00:00:00.000,,,,,,,,95.53,,D4__029,,,,,,,,,Polygon,,,,SMWC,,,Y,0.0,,69.1496,25-200-025,,272,,89.0,,
,,,-121.67788313894911,38.92492192973871,9-16E,,,,57.0,2199/12/31 00:00:00.000,,,2022/02/28 00:00:00.000,,,,,,,,64.04,,D4__030,,,,,,,,,Polygon,,,,SMWC,,,Y,0.0,,50.0162,25-200-017 East 57 Acres,,273,,57.0,,
,,,-121.65830706125233,38.91981040147715,"7-025, 7-026, 7-032, 7-033",,,,140.0,2199/12/31 00:00:00.000,,,2022/02/28 00:00:00.000,,,,,,,,155.28,,D4__031,,,,,,,,,Polygon,,,,SMWC,,,Y,0.0,,148.8061,"29-200-007, 29-200-008, 29-200-009, 29-200-010",,274,,140.0,,
,,,-121.64830679631966,38.919492972514774,"7-027, 7-028, 7-029, 7-030, 7-031",,,,165.0,2199/12/31 00:00:00.000,,,2022/02/28 00:00:00.000,,,,,,,,189.38,,D4__032,,,,,,,,,Polygon,,,,SMWC,,,Y,0.0,,175.8439,"29-200-013, 29-200-014, 29-200-015, 29-200-016",,275,,165.0,,
,,,-121.65845126872993,38.912634573714286,"7-034, 7-035, 7-042, 7-043",,,,146.0,2199/12/31 00:00:00.000,,,2022/02/28 00:00:00.000,,,,,,,,161.26,,D4__033,,,,,,,,,Polygon,,,,SMWC,,,Y,0.0,,149.3875,29-200-012,,276,,146.0,,
,,,-121.64723998795249,38.91249792472136,"7-036,7-037,7-038,7-039,7-040,7-041",,,,215.0,2199/12/31 00:00:00.000,,,2022/02/28 00:00:00.000,,,,,,,,236.47,,D4__034,,,,,,,,,Polygon,,,,SMWC,,,Y,0.0,,221.4525,"29-200-017,29-200-018,29-200-019,29-200-020,29-200-039",,277,,215.0,,
,,,-121.64923121267128,38.90525501185527,"7-094, 7-095, 7-098, 7-099",,,,147.0,2199/12/31 00:00:00.000,,,2022/02/28 00:00:00.000,,,,,,,,157.5,,D4__035,,,,,,,,,Polygon,,,,SMWC,,,Y,0.0,,158.5909,"29-200-032, 29-200-033, 29-200-035, 29-200-034",,278,,147.0,,
,,,-121.65836413039885,38.905055336474945,"7-092, 7-093, 7-100, 7-101",,,,146.0,2199/12/31 00:00:00.000,,,2022/02/28 00:00:00.000,,,,,,,,163.77,,D4__036,,,,,,,,,Polygon,,,,SMWC,,,Y,0.0,,150.7832,"29-200-046, 29-200-029, 29-200-028",,279,,146.0,,
,,,-121.64186517089882,38.90504562426104,"7-096, 7-097",,,,83.0,2199/12/31 00:00:00.000,,,2022/02/28 00:00:00.000,,,,,,,,95.08,,D4__037,,,,,,,,,Polygon,,,,SMWC,,,Y,0.0,,85.0376,29-200-038,,280,,83.0,,
,,,-121.64928074594482,38.89805641801662,"7-104, 7-105, 7-110, 7-111",,,,159.0,2199/12/31 00:00:00.000,,,2022/02/28 00:00:00.000,,,,,,,,166.16,,D4__038,,,,,,,,,Polygon,,,,SMWC,,,Y,0.0,,159.9167,29-200-036,,281,,159.0,,
,,,-121.65847972724379,38.897929925163396,"7-102, 7-103, 7-112, 7-113",,,,151.0,2199/12/31 00:00:00.000,,,2022/02/28 00:00:00.000,,,,,,,,157.63,,D4__039,,,,,,,,,Polygon,,,,SMWC,,,Y,0.0,,148.5935,29-200-031,,282,,151.0,,
,,,-121.64136329257039,38.89780173905403,"7-106, 7-107, 7-108, 7-109",,,,115.0,2199/12/31 00:00:00.000,,,2022/02/28 00:00:00.000,,,,,,,,123.52,,D4__040,,,,,,,,,Polygon,,,,SMWC,,,Y,0.0,,100.9601,29-200-037,,283,,115.0,,
,,,-121.64100496785402,38.89077348181542,"7-118, 7-119, 7-120A, 7-121, 7-131B",,,,115.0,2199/12/31 00:00:00.000,,,2023/04/01 00:00:00.000,,,,,,,,129.06,,D4__041,,,,,,,,,Polygon,,,,SMWC,,,Y,0.0,,114.0051,29-220-028,,284,,115.0,,
,,,-121.64921598208002,38.89057351538241,"7-116, 7-117, 7-122, 7-123",,,,157.0,2199/12/31 00:00:00.000,,,2022/02/28 00:00:00.000,,,,,,,,160.85,,D4__042,,,,,,,,,Polygon,,,,SMWC,,,Y,0.0,,151.3519,29-220-009,,285,,157.0,,
,,,-121.6405506679456,38.883624342459285,"7-130, 7-131A, 7-132, 7-133",,,,150.0,2199/12/31 00:00:00.000,,,2022/02/28 00:00:00.000,,,,,,,,160.49,,D4__043,,,,,,,,,Polygon,,,,SMWC,,,Y,0.0,,142.5503,29-220-029,,286,,150.0,,
,,,-121.64924623376825,38.88329359886062,"7-128, 7-129, 7-134, 7-135",,,,158.0,2199/12/31 00:00:00.000,,,2022/02/28 00:00:00.000,,,,,,,,162.14,,D4__044,,,,,,,,,Polygon,,,,SMWC,,,Y,0.0,,152.6619,29-220-011,,287,,158.0,,
,,,-121.64212620130604,38.87661222504753,"3-37, 3-38",,,,79.0,2199/12/31 00:00:00.000,,,2022/02/28 00:00:00.000,,,,,,,,87.52,,D4__045,,,,,,,,,Polygon,,,,SMWC,,,Y,0.0,,70.0075,29-220-020,,288,,79.0,,
,,,-121.64931600712217,38.87596396721284,"3-35, 3-36, 3-39, 3-40",,,,156.0,2199/12/31 00:00:00.000,,,2022/02/28 00:00:00.000,,,,,,,,160.64,,D4__046,,,,,,,,,Polygon,,,,SMWC,,,Y,0.0,,153.1703,29-220-019,,289,,156.0,,
,,,-121.64995315638981,38.869072194072565,"3-49, 3-50, 3-51",,,,133.0,2199/12/31 00:00:00.000,,,2022/02/28 00:00:00.000,,,,,,,,149.53,,D4__047,,,,,,,,,Polygon,,,,SMWC,,,Y,0.0,,131.4342,29-220-021,,290,,133.0,,
,,,-121.65199966937965,38.86189925349505,"3-84, 3-85",,,,80.0,2199/12/31 00:00:00.000,,,2022/02/28 00:00:00.000,,,,,,,,79.41,,D4__048,,,,,,,,,Polygon,,,,SMWC,,,Y,0.0,,63.4906,29-240-005,,291,,80.0,,
,,,-121.686466628043,38.855803687863386,"3-71, 3-72 (N)",,,,70.0,2199/12/31 00:00:00.000,,,2022/02/28 00:00:00.000,,,,,,,,77.97,,D4__049,,,,,,,,,Polygon,,,,SMWC,,,Y,0.0,,68.4074,29-240-003,,292,,70.0,,
,,,-121.69417286206055,38.854601945219656,"3-69, 3-70, 3-71",,,,96.0,2199/12/31 00:00:00.000,,,2022/02/28 00:00:00.000,,,,,,,,105.47,,D4__050,,,,,,,,,Polygon,,,,SMWC,,,Y,0.0,,100.7819,29-190-027,,293,,96.0,,
,,,-121.65819472433643,38.85411380173131,"3-92, 3-93, 3-94, 3-95",,,,179.0,2199/12/31 00:00:00.000,,,2022/02/28 00:00:00.000,,,,,,,,186.82,,D4__051,,,,,,,,,Polygon,,,,SMWC,,,Y,0.0,,161.2702,"29-240-007, 29-240-008",,294,,179.0,,
,,,-121.6774258702505,38.854049527663506,"3-73, 3-74, 3-75, 3-76",,,,141.0,2199/12/31 00:00:00.000,,,2022/02/28 00:00:00.000,,,,,,,,157.55,,D4__052,,,,,,,,,Polygon,,,,SMWC,,,Y,0.0,,140.7827,29-240-004,,295,,141.0,,
,,,-121.66811162914775,38.854026280733656,"3-90, 3-91, 3-96, 3-97 W",,,,156.0,2199/12/31 00:00:00.000,,,2022/02/28 00:00:00.000,,,,,,,,161.17,,D4__053,,,,,,,,,Polygon,,,,SMWC,,,Y,0.0,,144.8142,29-240-006,,296,,156.0,,
,,,-121.68652242853985,38.85240139729428,"3-77, 3-78 (S)",,,,70.0,2199/12/31 00:00:00.000,,,2022/02/28 00:00:00.000,,,,,,,,77.7,,D4__054,,,,,,,,,Polygon,,,,SMWC,,,Y,0.0,,67.3541,29-240-003,,297,,70.0,,
,,,-121.6774841103404,38.848697176699254,"2-04, 2-05",,,,77.0,2199/12/31 00:00:00.000,,,2022/02/28 00:00:00.000,,,,,,,,80.38,,D4__055,,,,,,,,,Polygon,,,,SMWC,,,Y,0.0,,72.142,29-240-010,,298,,77.0,,
,,,-121.65958430326812,38.847328199436696,"2-08, 2-09, 2-10, 2-11",,,,139.0,2199/12/31 00:00:00.000,,,2022/02/28 00:00:00.000,,,,,,,,141.28,,D4__056,,,,,,,,,Polygon,,,,SMWC,,,Y,0.0,,112.201,29-240-013 North 139 Acres,,299,,139.0,,
,,,-121.68744744142005,38.84717887567857,"2-02, 2-03, 2-16, 2-17, 45-A",,,,179.0,2199/12/31 00:00:00.000,,,2022/02/28 00:00:00.000,,,,,,,,194.12,,D4__057,,,,,,,,,Polygon,,,,SMWC,,,Y,0.0,,173.7965,29-240-009,,300,,179.0,,
,,,-121.66812164223404,38.84681960321252,"2-06, 2-07, 2-12, 2-13",,,,160.0,2199/12/31 00:00:00.000,,,2022/02/28 00:00:00.000,,,,,,,,165.2,,D4__058,,,,,,,,,Polygon,,,,SMWC,,,Y,0.0,,154.1833,"29-240-011, 29-240-012",,301,,160.0,,
,,,-121.67750436316847,38.845079150472294,"2-14, 2-15",,,,76.0,2199/12/31 00:00:00.000,,,2022/02/28 00:00:00.000,,,,,,,,80.38,,D4__059,,,,,,,,,Polygon,,,,SMWC,,,Y,0.0,,75.7497,29-240-010,,302,,76.0,,
,,,-121.66095050928284,38.84033752881905,"2-24, 2-25",,,,80.0,2199/12/31 00:00:00.000,,,2022/02/28 00:00:00.000,,,,,,,,91.13,,D4__060,,,,,,,,,Polygon,,,,SMWC,,,Y,0.0,,83.9141,29-240-013 South 80 Acres,,303,,80.0,,
,,,-121.68518207855202,38.839922217626665,"2-18, 2-19, 2-30",,,,105.0,2199/12/31 00:00:00.000,,,2023/04/01 00:00:00.000,,,,,,,,115.09,,D4__061,,,,,,,,,Polygon,,,,SMWC,,,Y,0.0,,99.2269,29-240-009,,304,,105.0,,
,,,-121.67741844597418,38.83957051006157,"2-20, 2-21, 2-28, 2-29",,,,152.0,2199/12/31 00:00:00.000,,,2022/02/28 00:00:00.000,,,,,,,,161.11,,D4__062,,,,,,,,,Polygon,,,,SMWC,,,Y,0.0,,152.4312,29-240-010,,305,,152.0,,
,,,-121.66807196822178,38.83948728900421,"2-22, 2-23, 2-26, 2-27",,,,149.0,2199/12/31 00:00:00.000,,,2022/02/28 00:00:00.000,,,,,,,,165.39,,D4__063,,,,,,,,,Polygon,,,,SMWC,,,Y,0.0,,154.7685,"29-240-017, 29-240-018",,306,,149.0,,
,,,-121.68380428999565,38.83387211170386,2-36 E,,,,33.0,2199/12/31 00:00:00.000,,,2022/02/28 00:00:00.000,,,,,,,,37.43,,D4__064,,,,,,,,,Polygon,,,,SMWC,,,Y,0.0,,32.5909,34-100-002,,307,,33.0,,
,,,-121.66498784118953,38.83227044106877,"2-40, 2-41, 2-42, 2-43",,,,108.0,2199/12/31 00:00:00.000,,,2022/02/28 00:00:00.000,,,,,,,,125.92,,D4__065,,,,,,,,,Polygon,,,,SMWC,,,Y,0.0,,104.4011,34-100-006,,308,,108.0,,
,,,-121.67057864377232,38.832083240124895,"2-39, 2-44",,,,72.0,2199/12/31 00:00:00.000,,,2022/02/28 00:00:00.000,,,,,,,,77.94,,D4__066,,,,,,,,,Polygon,,,,SMWC,,,Y,0.0,,68.405,34-100-005,,309,,72.0,,
,,,-121.67776439378503,38.83155749740998,"2-37, 2-38, 2-45, 2-46",,,,155.0,2199/12/31 00:00:00.000,,,2022/02/28 00:00:00.000,,,,,,,,167.86,,D4__067,,,,,,,,,Polygon,,,,SMWC,,,Y,0.0,,166.546,34-100-003,,310,,155.0,,
,,,-121.66624754544365,38.82443970969451,"2-62, 2-63, 2-97",,,,80.0,2199/12/31 00:00:00.000,,,2022/02/28 00:00:00.000,,,,,,,,94.94,,D4__068,,,,,,,,,Polygon,,,,SMWC,,,Y,0.0,,76.1438,34-100-009,,311,,80.0,,
,,,-121.67062050574927,38.82367456354289,"2-61, 2-64, 2-75",,,,97.0,2199/12/31 00:00:00.000,,,2022/02/28 00:00:00.000,,,,,,,,104.04,,D4__069,,,,,,,,,Polygon,,,,SMWC,,,Y,0.0,,92.9019,"34-100-010, 34-110-014",,312,,97.0,,
,,,-121.67614956167766,38.82348874609814,"2-59, 2-60, 2-65, 2-66, 2-74",,,,160.0,2199/12/31 00:00:00.000,,,2022/02/28 00:00:00.000,,,,,,,,175.42,,D4__070,,,,,,,,,Polygon,,,,SMWC,,,Y,0.0,,141.7552,"34-100-013, 34-100-014, 34-110-003, 34-110-017, 34-110-020",,313,,160.0,,
,,,-121.67402910525152,38.813728159219195,2-78,,,,40.0,2199/12/31 00:00:00.000,,,2022/02/28 00:00:00.000,,,,,,,,40.57,,D4__071,,,,,,,,,Polygon,,,,SMWC,,,Y,0.0,,41.6999,34-110-019,,314,,40.0,,
,,,-121.66990620776579,38.81339684025432,"2-76A, 2-77, 2-80, 2-81A, 2-84, 2-86",,,,135.0,2199/12/31 00:00:00.000,,,2022/02/28 00:00:00.000,,,,,,,,149.39,,D4__072,,,,,,,,,Polygon,,,,SMWC,,,Y,0.0,,133.8525,34-110-013,,315,,135.0,,
,,,-121.66420577401219,38.81144128245796,"2-76B, 2-81B, 2-82, 2-83, 2-87, 2-94",,,,173.0,2199/12/31 00:00:00.000,,,2022/02/28 00:00:00.000,,,,,,,,208.6,,D4__073,,,,,,,,,Polygon,,,,SMWC,,,Y,0.0,,184.9473,34-110-024,,316,,173.0,,
,,,-121.75086099107118,38.89493071254077,"5-23B, 5-24B, 5-32, 5-33 N1",,,,57.0,2199/12/31 00:00:00.000,,,2022/02/28 00:00:00.000,,,,,,,,59.92,,D5A_001,,,,,,,,,Polygon,,,,SMWC,,,Y,0.0,,63.0327,"29-040-035, 29-040-025, 29-060-011",,317,,57.0,,
,,,-121.76005413691541,38.89481333902056,"5-25, 5-26, 5-30, 5-31",,,,155.0,2199/12/31 00:00:00.000,,,2022/02/28 00:00:00.000,,,,,,,,161.07,,D5A_002,,,,,,,,,Polygon,,,,SMWC,,,Y,0.0,,148.7084,29-060-010,,318,,155.0,,
,,,-121.74155867734365,38.89278928384652,"5-69, 5-70",,,,72.0,2199/12/31 00:00:00.000,,,2022/02/28 00:00:00.000,,,,,,,,77.92,,D5A_003,,,,,,,,,Polygon,,,,SMWC,,,Y,0.0,,71.8183,29-070-001,,319,,72.0,,
,,,-121.75086083596759,38.89230449178429,"5-23B, 5-24B, 5-32, 5-33 N2",,,,57.0,2199/12/31 00:00:00.000,,,2022/02/28 00:00:00.000,,,,,,,,59.93,,D5A_004,,,,,,,,,Polygon,,,,SMWC,,,Y,0.0,,44.5493,"29-040-035, 29-040-025, 29-060-011",,320,,57.0,,
,,,-121.73246740165867,38.88920981107697,"5-77, 5-78A, 5-78B",,,,74.0,2199/12/31 00:00:00.000,,,2022/02/28 00:00:00.000,,,,,,,,80.75,,D5A_005,,,,,,,,,Polygon,,,,SMWC,,,Y,0.0,,68.077,"29-070-005, 29-070-004",,321,,74.0,,
,,,-121.74156587763005,38.8891718553191,"5-79A, 5-79B, 5-80",,,,74.0,2199/12/31 00:00:00.000,,,2022/02/28 00:00:00.000,,,,,,,,79.53,,D5A_006,,,,,,,,,Polygon,,,,SMWC,,,Y,0.0,,70.2574,29-070-096 North 74 Acres,,322,,74.0,,
,,,-121.76005230239583,38.88837160527841,"5-36, 5-37, 5-41 (N), 5-42A",,,,111.0,2199/12/31 00:00:00.000,,,2022/02/28 00:00:00.000,,,,,,,,138.2,,D5A_007,,,,,,,,,Polygon,,,,SMWC,,,Y,0.0,,109.7156,29-060-035,,323,,111.0,,
,,,-121.75089381490008,38.888349957221386,"5-34, 5-35, 5-43 (N), 5-44 (N-E)",,,,116.0,2199/12/31 00:00:00.000,,,2022/02/28 00:00:00.000,,,,,,,,119.45,,D5A_008,,,,,,,,,Polygon,,,,SMWC,,,Y,0.0,,111.9147,29-060-036,,324,,116.0,,
,,,-121.73945295062639,38.88403753610724,"5-93A, 5-82, 5-93B",,,,74.0,2199/12/31 00:00:00.000,,,2022/02/28 00:00:00.000,,,,,,,,78.57,,D5A_009,,,,,,,,,Polygon,,,,SMWC,,,Y,0.0,,66.6741,"29-070-009, 29-070-096",,325,,74.0,,
,,,-121.74386986213311,38.883872779070636,"5-81, 5-94",,,,74.0,2199/12/31 00:00:00.000,,,2022/02/28 00:00:00.000,,,,,,,,78.78,,D5A_010,,,,,,,,,Polygon,,,,SMWC,,,Y,0.0,,72.6609,29-070-096 South West 74 Acres,,326,,74.0,,
,,,-121.73460625258906,38.88381888750599,"5-83, 5-92A, 5-92B",,,,76.0,2199/12/31 00:00:00.000,,,2022/02/28 00:00:00.000,,,,,,,,80.13,,D5A_011,,,,,,,,,Polygon,,,,SMWC,,,Y,0.0,,69.932,29-070-010,,327,,76.0,,
,,,-121.73004873019133,38.8837849996304,"5-84, 5-91",,,,75.0,2199/12/31 00:00:00.000,,,2022/02/28 00:00:00.000,,,,,,,,79.89,,D5A_012,,,,,,,,,Polygon,,,,SMWC,,,Y,0.0,,68.9164,29-070-011,,328,,75.0,,
,,,-121.76662677664389,38.88320336573516,"5-40, 5-49",,,,50.0,2199/12/31 00:00:00.000,,,2022/02/28 00:00:00.000,,,,,,,,58.24,,D5A_013,,,,,,,,,Polygon,,,,SMWC,,,Y,0.0,,48.7021,29-060-034,,329,,50.0,,
,,,-121.76014587573148,38.88303638960332,"5-41 (S), 5-42B, 5-47, 5-48",,,,112.0,2199/12/31 00:00:00.000,,,2022/02/28 00:00:00.000,,,,,,,,100.21,,D5A_014,,,,,,,,,Polygon,,,,SMWC,,,Y,0.0,,108.9372,29-060-035,,330,,112.0,,
,,,-121.75100852670265,38.88298883498548,"5-43 (S), 5-44 (S), 5-45, 5-46",,,,116.0,2199/12/31 00:00:00.000,,,2022/02/28 00:00:00.000,,,,,,,,119.49,,D5A_015,,,,,,,,,Polygon,,,,SMWC,,,Y,0.0,,108.0925,29-060-034,,331,,116.0,,
,,,-121.7635431853763,38.87836158333205,4-02,,,,20.0,2199/12/31 00:00:00.000,,,2022/02/28 00:00:00.000,,,,,,,,21.89,,D5A_016,,,,,,,,,Polygon,,,,SMWC,,,Y,0.0,,18.3107,29-060-020,,332,,20.0,,
,,,-121.73243058658676,38.87826059116762,"4-25, 4-26A, 4-26B",,,,75.0,2199/12/31 00:00:00.000,,,2022/02/28 00:00:00.000,,,,,,,,81.38,,D5A_017,,,,,,,,,Polygon,,,,SMWC,,,Y,0.0,,72.7424,"29-070-027, 29-070-079, 29-070-080",,333,,75.0,,
,,,-121.71616040052447,38.87825055401523,4-29,,,,40.0,2199/12/31 00:00:00.000,,,2022/02/28 00:00:00.000,,,,,,,,40.3,,D5A_018,,,,,,,,,Polygon,,,,SMWC,,,Y,0.0,,34.3726,29-070-090,,334,,40.0,,
,,,-121.72319754815702,38.878209253369036,"4-27, 4-28",,,,72.0,2199/12/31 00:00:00.000,,,2022/02/28 00:00:00.000,,,,,,,,80.75,,D5A_019,,,,,,,,,Polygon,,,,SMWC,,,Y,0.0,,70.2866,29-070-033,,335,,72.0,,
,,,-121.75090464362091,38.87697243706895,"4-05, 4-06, 4-07, 4-08",,,,130.0,2199/12/31 00:00:00.000,,,2022/02/28 00:00:00.000,,,,,,,,146.41,,D5A_020,,,,,,,,,Polygon,,,,SMWC,,,Y,0.0,,127.9933,"29-060-026, 29-060-027, 29-060-028, 29-060-029",,336,,130.0,,
,,,-121.76703041842248,38.8766007648356,"4-01, 4-12",,,,79.0,2199/12/31 00:00:00.000,,,2022/02/28 00:00:00.000,,,,,,,,82.76,,D5A_021,,,,,,,,,Polygon,,,,SMWC,,,Y,0.0,,63.5378,29-060-017,,337,,79.0,,
,,,-121.75885565714948,38.87651060165689,"4-03, 4-04, 4-09, 4-10",,,,101.0,2199/12/31 00:00:00.000,,,2022/02/28 00:00:00.000,,,,,,,,123.61,,D5A_022,,,,,,,,,Polygon,,,,SMWC,,,Y,0.0,,105.4053,"29-060-021, 26-060-022, 29-060-023, 29-060-025",,338,,101.0,,
,,,-121.74157436538292,38.876463147514805,"4-23A, 4-23B, 4-24, 4-37, 4-38",,,,147.0,2199/12/31 00:00:00.000,,,2022/02/28 00:00:00.000,,,,,,,,162.3,,D5A_023,,,,,,,,,Polygon,,,,SMWC,,,Y,0.0,,146.7697,"29-070-024, 29-070-025, 29-070-026",,339,,147.0,,
,,,-121.7753626110361,38.87533687230604,"4-14, 4-15",,,,55.0,2199/12/31 00:00:00.000,,,2022/02/28 00:00:00.000,,,,,,,,62.01,,D5A_024,,,,,,,,,Polygon,,,,SMWC,,,Y,0.0,,53.5056,29-060-016,,340,,55.0,,
,,,-121.7635240669775,38.87509215093201,4-11,,,,14.0,2199/12/31 00:00:00.000,,,2022/02/28 00:00:00.000,,,,,,,,21.42,,D5A_025,,,,,,,,,Polygon,,,,SMWC,,,Y,0.0,,17.2178,29-060-024,,341,,14.0,,
,,,-121.77014167877822,38.87495343036148,4-13 (NE),,,,15.0,2199/12/31 00:00:00.000,,,2022/02/28 00:00:00.000,,,,,,,,32.98,,D5A_026,,,,,,,,,Polygon,,,,SMWC,,,Y,0.0,,9.3445,29-060-018,,342,,15.0,,
,,,-121.73234230656023,38.87468444994664,"4-35, 4-36",,,,78.0,2199/12/31 00:00:00.000,,,2022/02/28 00:00:00.000,,,,,,,,80.76,,D5A_027,,,,,,,,,Polygon,,,,SMWC,,,Y,0.0,,74.0556,29-070-029,,343,,78.0,,
,,,-121.71194645101635,38.87351482109793,"4-30, 4-31, 4-46A, 4-47A",,,,72.0,2199/12/31 00:00:00.000,,,2022/02/28 00:00:00.000,,,,,,,,95.69,,D5A_028,,,,,,,,,Polygon,,,,SMWC,,,Y,0.0,,75.2783,"29-070-091, 29-190-025, 24-230-014",,344,,72.0,,
,,,-121.72379727293514,38.873408258126005,"4-33A, 4-33B, 4-34, 4-43A",,,,118.0,2199/12/31 00:00:00.000,,,2022/02/28 00:00:00.000,,,,,,,,121.5,,D5A_029,,,,,,,,,Polygon,,,,SMWC,,,Y,0.0,,109.5518,29-070-034,,345,,118.0,,
,,,-121.71609640645849,38.8731029860623,"4-32, 4-45A",,,,72.0,2199/12/31 00:00:00.000,,,2022/02/28 00:00:00.000,,,,,,,,74.26,,D5A_030,,,,,,,,,Polygon,,,,SMWC,,,Y,0.0,,65.4721,29-070-090,,346,,72.0,,
,,,-121.7510736608011,38.872922907923055,4-21A1,,,,28.0,2199/12/31 00:00:00.000,,,2022/02/28 00:00:00.000,,,,,,,,32.42,,D5A_031,,,,,,,,,Polygon,,,,SMWC,,,Y,0.0,,25.1949,29-180-013,,347,,28.0,,
,,,-121.76609684676679,38.871275590111914,"4-17, 74A",,,,46.0,2199/12/31 00:00:00.000,,,2022/02/28 00:00:00.000,,,,,,,,51.58,,D5A_032,,,,,,,,,Polygon,,,,SMWC,,,Y,0.0,,46.9224,"29-180-007, 29-180-010",,348,,46.0,,
,,,-121.75665987196959,38.87113942737343,4-20A1,,,,42.0,2199/12/31 00:00:00.000,,,2022/02/28 00:00:00.000,,,,,,,,47.79,,D5A_033,,,,,,,,,Polygon,,,,SMWC,,,Y,0.0,,39.1275,29-180-028,,349,,42.0,,
,,,-121.7412350668844,38.87113888665904,"4-39, 4-40",,,,66.0,2199/12/31 00:00:00.000,,,2022/02/28 00:00:00.000,,,,,,,,77.51,,D5A_034,,,,,,,,,Polygon,,,,SMWC,,,Y,0.0,,63.9179,29-070-030,,350,,66.0,,
,,,-121.73235981830275,38.87101171676741,"4-41, 4-42",,,,77.0,2199/12/31 00:00:00.000,,,2022/02/28 00:00:00.000,,,,,,,,82.49,,D5A_035,,,,,,,,,Polygon,,,,SMWC,,,Y,0.0,,75.1414,29-070-031,,351,,77.0,,
,,,-121.77192972669722,38.87018864374539,"4-13 (NW), 4-13 (S), 4-16, 4-18 A",,,,85.0,2199/12/31 00:00:00.000,,,2022/02/28 00:00:00.000,,,,,,,,72.88,,D5A_036,,,,,,,,,Polygon,,,,SMWC,,,Y,0.0,,82.046,"29-180-006, 29-180-009",,352,,85.0,,
,,,-121.71721853726912,38.86904387135678,,,,,18.0,2199/12/31 00:00:00.000,,,2022/02/28 00:00:00.000,,,,,,,,18.0,,D5A_037,,,,,,,,,Polygon,,,,SMWC,,,Y,0.0,,5.086,29-080-006,,353,,18.0,,
,,,-121.72227720622483,38.86863161836414,"4-44A, 4-44B, 4-51, 4-52",,,,115.0,2199/12/31 00:00:00.000,,,2022/02/28 00:00:00.000,,,,,,,,120.46,,D5A_038,,,,,,,,,Polygon,,,,SMWC,,,Y,0.0,,105.2965,29-070-038,,354,,115.0,,
,,,-121.71121214388562,38.867710457567334,"4-46B,  4-47C, 4-48A, 4-49A, 4-49B",,,,52.0,2199/12/31 00:00:00.000,,,2022/02/28 00:00:00.000,,,,,,,,50.78,,D5A_039,,,,,,,,,Polygon,,,,SMWC,,,Y,0.0,,39.8288,,,355,,52.0,,
,,,-121.71573249856469,38.867123747909275,"4-45B1A, 4-45B4, 4-50A1",,,,40.0,2199/12/31 00:00:00.000,,,2022/02/28 00:00:00.000,,,,,,,,44.02,,D5A_040,,,,,,,,,Polygon,,,,SMWC,,,Y,0.0,,31.4723,29-190-005,,356,,40.0,,
,,,-121.73183028714061,38.86696367297581,"4-53, 4-54, 4-59",,,,87.0,2199/12/31 00:00:00.000,,,2022/02/28 00:00:00.000,,,,,,,,95.42,,D5A_041,,,,,,,,,Polygon,,,,SMWC,,,Y,0.0,,83.8284,29-070-032,,357,,87.0,,
,,,-121.70701270777414,38.86634412580727,4-48B2B3,,,,18.0,2199/12/31 00:00:00.000,,,2022/02/28 00:00:00.000,,,,,,,,18.95,,D5A_042,,,,,,,,,Polygon,,,,SMWC,,,Y,0.0,,16.4373,29-080-006,,358,,18.0,,
,,,-121.7121312891561,38.86388977465144,"4-63A, 4-63B",,,,25.0,2199/12/31 00:00:00.000,,,2022/02/28 00:00:00.000,,,,,,,,30.91,,D5A_043,,,,,,,,,Polygon,,,,SMWC,,,Y,0.0,,23.6982,29-190-079,,359,,25.0,,
,,,-121.71622914706467,38.863590854828686,"4-62A, 4-62B",,,,37.0,2199/12/31 00:00:00.000,,,2022/02/28 00:00:00.000,,,,,,,,40.4,,D5A_044,,,,,,,,,Polygon,,,,SMWC,,,Y,0.0,,35.9058,29-190-005,,360,,37.0,,
,,,-121.7221518235805,38.862463710356195,"4-60, 4-61A, 4-61B, 4-70",,,,117.0,2199/12/31 00:00:00.000,,,2022/02/28 00:00:00.000,,,,,,,,120.17,,D5A_045,,,,,,,,,Polygon,,,,SMWC,,,Y,0.0,,104.188,"29-190-003, 29-190-004",,361,,117.0,,
,,,-121.70629458919039,38.861182890590484,"4-64, 4-65, 4-66A, 4-66B, 4-67",,,,135.0,2199/12/31 00:00:00.000,,,2022/02/28 00:00:00.000,,,,,,,,148.19,,D5A_046,,,,,,,,,Polygon,,,,SMWC,,,Y,0.0,,127.2216,"29-190-050, 29-190-020",,362,,135.0,,
,,,-121.7150446374013,38.86005030954926,"4-68, 4-69A, 4-69B",,,,52.0,2199/12/31 00:00:00.000,,,2022/02/28 00:00:00.000,,,,,,,,57.37,,D5A_047,,,,,,,,,Polygon,,,,SMWC,,,Y,0.0,,51.1418,29-190-079,,363,,52.0,,
,,,-121.71981243917563,38.857006227197665,4-71,,,,13.0,2199/12/31 00:00:00.000,,,2022/02/28 00:00:00.000,,,,,,,,28.66,,D5A_048,,,,,,,,,Polygon,,,,SMWC,,,Y,0.0,,11.066,29-190-013,,364,,13.0,,
,,,-121.71589157932364,38.856296225487675,"4-79A1, 4-79B",,,,39.0,2199/12/31 00:00:00.000,,,2022/02/28 00:00:00.000,,,,,,,,43.9,,D5A_049,,,,,Partial with D5A_052,,,,Polygon,,,,SMWC,,,Y,0.0,,39.2242,"29-190-045, 29-190-017",,365,,39.0,,
,,,-121.71123104026631,38.85527905315611,4-73A,,,,18.0,2199/12/31 00:00:00.000,,,2022/02/28 00:00:00.000,,,,,,,,20.17,,D5A_050,,,,,,,,,Polygon,,,,SMWC,,,Y,0.0,,14.9958,29-0190-065,,366,,18.0,,
,,,-121.70369719167397,38.85413154950457,"4-74, 4-75, 4-76, 4-77, 4-78",,,,184.0,2199/12/31 00:00:00.000,,,2022/02/28 00:00:00.000,,,,,,,,193.64,,D5A_051,,,,,,,,,Polygon,,,,SMWC,,,Y,0.0,,182.5593,29-190-025,,367,,184.0,,
,,,-121.71647780204738,38.8529377416407,,,,,40.0,2199/12/31 00:00:00.000,,,2022/02/28 00:00:00.000,,,,,,,,43.9,,D5A_052,,,,,Partial with D5A_049,,,,Polygon,,,,SMWC,,,Y,0.0,,27.2614,29-190-096 East 135 Acres,,368,,40.0,,
,,,-121.71175375805089,38.85257839751056,"4-79A1, 4-79B",,,,40.0,2199/12/31 00:00:00.000,,,2022/02/28 00:00:00.000,,,,,,,,42.67,,D5A_053,,,,,,,,,Polygon,,,,SMWC,,,Y,0.0,,36.2635,"29-190-045, 29-190-017",,369,,40.0,,
,,,-121.71719490347533,38.84914013135307,4-81,,,,22.0,2199/12/31 00:00:00.000,,,2022/02/28 00:00:00.000,,,,,,,,28.35,,D5A_054,,,,,,,,,Polygon,,,,SMWC,,,Y,0.0,,19.6023,29-190-093,,370,,22.0,,
,,,-121.70531112649172,38.84661483041243,45-C (W),,,,165.0,2199/12/31 00:00:00.000,,,2022/02/28 00:00:00.000,,,,,,,,155.95,,D5A_055,,,,,,,,,Polygon,,,,SMWC,,,Y,0.0,,149.3561,29-190-095 West 165 Acres,,371,,165.0,,
,,,-121.69740552359312,38.84612865622123,45-C ( E ),,,,135.0,2199/12/31 00:00:00.000,,,2022/02/28 00:00:00.000,,,,,,,,144.68,,D5A_056,,,,,,,,,Polygon,,,,SMWC,,,Y,0.0,,133.6282,29-190-096 East 135 Acres,,372,,135.0,,
,,,-121.71787653631563,38.84563525037205,4-86,,,,14.0,2199/12/31 00:00:00.000,,,2022/02/28 00:00:00.000,,,,,,,,17.27,,D5A_057,,,,,,,,,Polygon,,,,SMWC,,,Y,0.0,,7.3634,29-190-094,,373,,14.0,,
,,,-121.71333683355016,38.84485964240238,"4-82, 4-83, 4-84, 4-85, 4-87, 4-88",,,,193.0,2199/12/31 00:00:00.000,,,2022/02/28 00:00:00.000,,,,,,,,204.29,,D5A_058,,,,,,,,,Polygon,,,,SMWC,,,Y,0.0,,183.9099,"29-190-080, 29-190-081",,374,,193.0,,
,,,-121.70469915733345,38.83926163414155,45-B (W),,,,149.0,2199/12/31 00:00:00.000,,,2022/02/28 00:00:00.000,,,,,,,,153.6,,D5A_059,,,,,,,,,Polygon,,,,SMWC,,,Y,0.0,,135.7293,29-190-035 West 149 Acres,,375,,149.0,,
,,,-121.6978119886707,38.83920906757034,"2-35, 2-47",,,,75.0,2199/12/31 00:00:00.000,,,2022/02/28 00:00:00.000,,,,,,,,76.8,,D5A_060,,,,,Partial with D5A_060,,,,Polygon,,,,SMWC,,,Y,0.0,,66.5153,34-100-001,,376,,75.0,,
,,,-121.69272421649488,38.83892800416507,"2-53, 2-72",,,,75.0,2199/12/31 00:00:00.000,,,2022/02/28 00:00:00.000,,,,,,,,76.8,,D5A_061,,,,,Partial with D5A_060,,,,Polygon,,,,SMWC,,,Y,0.0,,81.5128,34-010-027,,377,,75.0,,
,,,-121.69572047014597,38.832122894413025,"2-33, 2-34, 2-48, 2-49",,,,159.0,2199/12/31 00:00:00.000,,,2022/02/28 00:00:00.000,,,,,,,,169.44,,D5A_063,,,,,,,,,Polygon,,,,SMWC,,,Y,0.0,,152.4323,34-101-016,,378,,159.0,,
,,,-121.6883199961453,38.831645427019126,"2-35, 2-47",,,,87.0,2199/12/31 00:00:00.000,,,2022/02/28 00:00:00.000,,,,,,,,94.17,,D5A_064,,,,,,,,,Polygon,,,,SMWC,,,Y,0.0,,89.8533,34-100-001,,379,,87.0,,
,,,-121.70495473579469,38.83213186864181,"2-31, 2-32, 2-50, 2-51",,,,157.0,2199/12/31 00:00:00.000,,,2022/02/28 00:00:00.000,,,,,,,,168.31,,D5A_065,,,,,,,,,MultiPolygon,,,,SMWC,,,Y,0.0,,149.4589,"34-010-012, 34-010-015",,380,,157.0,,
,,,-121.70488217462918,38.824924602425504,"2-53, 2-54, 2-71, 2-72",,,,148.0,2199/12/31 00:00:00.000,,,2022/02/28 00:00:00.000,,,,,,,,160.98,,D5A_066,,,,,,,,,Polygon,,,,SMWC,,,Y,0.0,,141.0685,"34-010-027, 34-010-026",,381,,148.0,,
,,,-121.6957721387417,38.824890168563215,"2-55, 2-56, 2-69, 2-70",,,,147.0,2199/12/31 00:00:00.000,,,2022/02/28 00:00:00.000,,,,,,,,158.56,,D5A_067,,,,,,,,,Polygon,,,,SMWC,,,Y,0.0,,141.8559,"34-010-029, 34-010, 030",,382,,147.0,,
,,,-121.68643659750515,38.82456700271034,"2-57, 2-58, 2-67, 2-68",,,,148.0,2199/12/31 00:00:00.000,,,2022/02/28 00:00:00.000,,,,,,,,159.65,,D5A_068,,,,,,,,,Polygon,,,,SMWC,,,Y,0.0,,145.8594,"34-100-011, 34-100-012",,383,,148.0,,
,,,-121.68028663800533,38.81826242372592,2-73,,,,42.0,2199/12/31 00:00:00.000,,,2022/02/28 00:00:00.000,,,,,,,,43.17,,D5A_069,,,,,,,,,MultiPolygon,,,,SMWC,,,Y,0.0,,38.3086,34-110-002,,384,,42.0,,
,,,-121.67835782893141,38.81187856661754,"2-79, 2-85, 2-95",,,,96.0,2199/12/31 00:00:00.000,,,2022/02/28 00:00:00.000,,,,,,,,99.06,,D5B_001,,,,,,,,,Polygon,,,,SMWC,,,Y,0.0,,91.5163,34-110-008,,385,,96.0,,
,,,-121.68431946929947,38.8035818818567,"1-02, 1-07A",,,,62.0,2199/12/31 00:00:00.000,,,2022/02/28 00:00:00.000,,,,,,,,65.19,,D5B_002,,,,,,,,,Polygon,,,,SMWC,,,Y,0.0,,58.4544,34-160-049,,386,,62.0,,
,,,-121.66030893185243,38.80282963699445,"1-21, 1-22",,,,81.0,2199/12/31 00:00:00.000,,,2022/02/28 00:00:00.000,,,,,,,,87.27,,D5B_003,,,,,,,,,Polygon,,,,SMWC,,,Y,0.0,,81.4095,34-160-023,,387,,81.0,,
,,,-121.67653473545224,38.80274318228895,"1-03, 1-04A, 1-05A, 1-06",,,,174.0,2199/12/31 00:00:00.000,,,2022/02/28 00:00:00.000,,,,,,,,184.72,,D5B_004,,,,,,,,,Polygon,,,,SMWC,,,Y,0.0,,161.7954,"34-160-008, 34-160-009, 34-160-010",,388,,174.0,,
,,,-121.66669563669915,38.80169696753828,"1-19, 1-20, 1-23",,,,140.0,2199/12/31 00:00:00.000,,,2021/03/02 00:00:00.000,,,,,,,,143.97,,D5B_005,,,,,,,,,Polygon,,,,SMWC,,,Y,0.0,,139.9485,34-160-022,,389,,140.0,,
,,,-121.68433440936471,38.79971214726046,1-07B,,,,17.0,2199/12/31 00:00:00.000,,,2022/02/28 00:00:00.000,,,,,,,,18.54,,D5B_006,,,,,,,,,Polygon,,,,SMWC,,,Y,0.0,,14.2334,34-160-038,,390,,17.0,,
,,,-121.65968893104038,38.797745590585855,"1-25, 1-26",,,,83.0,2199/12/31 00:00:00.000,,,2022/02/28 00:00:00.000,,,,,,,,92.03,,D5B_007,,,,,,,,,Polygon,,,,SMWC,,,Y,0.0,,80.9435,34-160-028,,391,,83.0,,
,,,-121.6857987162836,38.79756815716815,"1-08-3, 1-10",,,,64.0,2199/12/31 00:00:00.000,,,2022/02/28 00:00:00.000,,,,,,,,64.66,,D5B_008,,,,,,,,,Polygon,,,,SMWC,,,Y,0.0,,51.577,"34-160-013, 34-160-021,34-160-002",,392,,64.0,,
,,,-121.67968019630317,38.79737370910049,"1-11A, 1-11B",,,,37.0,2199/12/31 00:00:00.000,,,2022/02/28 00:00:00.000,,,,,,,,38.72,,D5B_009,,,,,,,,,Polygon,,,,SMWC,,,Y,0.0,,35.9869,34-160-018,,393,,37.0,,
,,,-121.67511397335704,38.795676684977735,"1-12, 1-15",,,,75.0,2199/12/31 00:00:00.000,,,2022/02/28 00:00:00.000,,,,,,,,77.78,,D5B_010,,,,,,,,,Polygon,,,,SMWC,,,Y,0.0,,72.8928,"34-160-019, 34-160-020",,394,,75.0,,
,,,-121.67004647779832,38.79505960337546,"1-13A, 1-14A, 1-14B1, 1-32",,,,85.0,2199/12/31 00:00:00.000,,,2022/02/28 00:00:00.000,,,,,,,,91.18,,D5B_011,,,,,,,,,Polygon,,,,SMWC,,,Y,0.0,,84.7759,34-160-027,,395,,85.0,,
,,,-121.68582453646516,38.79400430549938,,,,,49.0,2199/12/31 00:00:00.000,,,2022/02/28 00:00:00.000,,,,,,,,67.1,,D5B_012,,,,,,,,,Polygon,,,,SMWC,,,Y,0.0,,39.441,,,396,,49.0,,
,,,-121.68050502566136,38.79390463562348,1-16,,,,40.0,2199/12/31 00:00:00.000,,,2022/02/28 00:00:00.000,,,,,,,,38.76,,D5B_013,,,,,,,,,Polygon,,,,SMWC,,,Y,0.0,,44.8208,34-160-021,,397,,40.0,,
,,,-121.66166586695888,38.792398003081004,"1-24B, 1-28A, 1-33",,,,70.0,2199/12/31 00:00:00.000,,,2022/02/28 00:00:00.000,,,,,,,,78.62,,D5B_014,,,,,,,,,Polygon,,,,SMWC,,,Y,0.0,,65.7348,"34-160-030, 34-170-030",,398,,70.0,,
,,,-121.65694873628144,38.79155566991102,"1-27, 1-28B",,,,80.0,2199/12/31 00:00:00.000,,,2022/02/28 00:00:00.000,,,,,,,,92.14,,D5B_015,,,,,,,,,Polygon,,,,SMWC,,,Y,0.0,,77.8089,34-170-014,,399,,80.0,,
,,,-121.66399940907387,38.7911804503257,,,,,11.4,2199/12/31 00:00:00.000,,,2021/03/01 00:00:00.000,,,,,,,,11.4,,D5B_016,,,,,,,,,Polygon,,,,SMWC,,,Y,0.0,,11.4421,,,400,,11.4,,
,,,-121.67306126182683,38.791044894810604,,,,,47.0,2199/12/31 00:00:00.000,,,2022/02/28 00:00:00.000,,,,,,,,50.56,,D5B_017,,,,,Partial with D5B_018,,,,Polygon,,,,SMWC,,,Y,0.0,,18.3349,,,401,,47.0,,
,,,-121.6784408114546,38.7895874308622,"1-35A & B, 1-36 A & B, 1-37 A &B N",,,,47.0,2199/12/31 00:00:00.000,,,2022/02/28 00:00:00.000,,,,,,,,50.56,,D5B_018,,,,,Partial with D5B_017,,,,Polygon,,,,SMWC,,,Y,0.0,,74.9488,34-170-005,,402,,47.0,,
,,,-121.6668692951956,38.78770925001632,"1-34, 1-40, 1-41 S",,,,121.0,2199/12/31 00:00:00.000,,,2022/02/28 00:00:00.000,,,,,,,,130.27,,D5B_019,,,,,,,,,Polygon,,,,SMWC,,,Y,0.0,,107.401,34-170-011,,403,,121.0,,
,,,-121.65963427676758,38.78746662384691,,,,,6.5,2199/12/31 00:00:00.000,,,2021/03/01 00:00:00.000,,,,,,,,6.5,,D5B_020,,,,,,,,,Polygon,,,,SMWC,,,Y,0.0,,6.5242,,,404,,6.5,,
,,,-121.67300846076182,38.78728434885735,"1-35B, 1-39  A",,,,60.0,2199/12/31 00:00:00.000,,,2022/02/28 00:00:00.000,,,,,,,,59.93,,D5B_021,,,,,,,,,Polygon,,,,SMWC,,,Y,0.0,,56.8059,"34-170-027, 34-170-006",,405,,60.0,,
,,,-121.65672121397367,38.78665868257854,SMWC Solar Field,,,,14.0,2199/12/31 00:00:00.000,,,2022/02/28 00:00:00.000,,,,,,,,14.0,,D5B_022,,,,,,,,,Polygon,,,,SMWC,,,Y,0.0,,15.1247,,,406,,14.0,,
,,,-121.67859253160867,38.78578960604673,1-38A,,,,32.0,2199/12/31 00:00:00.000,,,2022/02/28 00:00:00.000,,,,,,,,37.41,,D5B_023,,,,,,,,,Polygon,,,,SMWC,,,Y,0.0,,31.1781,34-170-027,,407,,32.0,,
,,,-121.6568699693983,38.78293713511043,1-42D,,,,8.0,2199/12/31 00:00:00.000,,,2022/02/28 00:00:00.000,,,,,,,,11.39,,D5B_024,,,,,,,,,Polygon,,,,SMWC,,,Y,0.0,,2.9114,34-170-022,,408,,8.0,,
,,,-121.67423645092778,38.78222020362319,,,,,76.0,2199/12/31 00:00:00.000,,,2022/02/28 00:00:00.000,,,,,,,,79.29,,D5B_025,,,,,,,,,Polygon,,,,SMWC,,,Y,0.0,,72.089,,,409,,76.0,,
,,,-121.6669545836936,38.7811699199316,"1-43A, 1-43B, 1-43C, 1-43D, 1-44, 1-50A, 1-50B, 1-50C, 1-50D",,,,122.0,2199/12/31 00:00:00.000,,,2022/02/28 00:00:00.000,,,,,,,,125.2,,D5B_026,,,,,,,,,Polygon,,,,SMWC,,,Y,0.0,,114.7786,34-170-017,,410,,122.0,,
,,,-121.6798706066813,38.78114224726241,"1-46, 1-47",,,,76.0,2199/12/31 00:00:00.000,,,2022/02/28 00:00:00.000,,,,,,,,79.39,,D5B_027,,,,,,,,,Polygon,,,,SMWC,,,Y,0.0,,70.2045,"34-170-009,",,411,,76.0,,
,,,-121.66056411736997,38.78054978058579,"1-42A, 1-42B, 1-42C, 1-51, 1-52",,,,105.0,2199/12/31 00:00:00.000,,,2022/02/28 00:00:00.000,,,,,,,,113.81,,D5B_028,,,,,,,,,Polygon,,,,SMWC,,,Y,0.0,,94.7858,"34-170-018, 34-170-019, 34-170-020, 34-170-021",,412,,105.0,,
,,,-121.67434335953268,38.77870276932277,1-49,,,,36.0,2199/12/31 00:00:00.000,,,2023/04/01 00:00:00.000,,,,,,,,39.78,,D5B_029,,,,,,,,,Polygon,,,,SMWC,,,Y,0.0,,33.9498,34-170-027,,413,,36.0,,
,,,-121.66448419452333,38.77401753366817,"1-53, 1-68",,,,74.0,2199/12/31 00:00:00.000,,,2022/02/28 00:00:00.000,,,,,,,,83.49,,D5B_030,,,,,,,,,Polygon,,,,SMWC,,,Y,0.0,,69.364,34-220-018,,414,,74.0,,
,,,-121.66976350957843,38.773774091992266,"1-54, 1-55, 1-56",,,,106.0,2199/12/31 00:00:00.000,,,2022/02/28 00:00:00.000,,,,,,,,111.8,,D5B_031,,,,,,,,,Polygon,,,,SMWC,,,Y,0.0,,102.4445,34-220-017,,415,,106.0,,
,,,-121.67028572399782,38.76756390243475,"1-57, 1-58",,,,72.0,2199/12/31 00:00:00.000,,,2022/02/28 00:00:00.000,,,,,,,,76.73,,D5B_032,,,,,,,,,Polygon,,,,SMWC,,,Y,0.0,,65.1249,34-220-020,,416,,72.0,,
,,,-121.67685497109711,38.76721045265337,"1-59, 1-60, 1-61",,,,120.0,2199/12/31 00:00:00.000,,,2022/02/28 00:00:00.000,,,,,,,,124.58,,D5B_033,,,,,,,,,Polygon,,,,SMWC,,,Y,0.0,,104.7971,34-220-015,,417,,120.0,,
,,,-121.69034340554819,38.79904502494853,D5B_034,,,,7.15,2199/12/31 00:00:00.000,,,2024/04/01 00:00:00.000,,,,,,,,7.15,,D5B_034,,,,,,,,,Polygon,,,,SMWC,,,Y,0.0,,7.7516,,,418,,7.15,,
